# musicid	subtitle	title_en	subtitle_en (generated by the Waddamburo lab tools/stock_subtitles/build.py)
10binz	Taku Inoue	Tenbinza Kyuukou Yoru o Iku	Taku Inoue
10jiku	Linda AI-CUE	Tenjiku 2000	Linda AI-CUE
10tai	BUMP OF CHICKEN	Tentai Kansoku	BUMP OF CHICKEN
1pshop	「ワンピース」より	Hope	Namie Amuro/ONE PIECE
1psikr	「ワンピース フィルム ゴールド」より	Ikari o Kure yo	GLIM SPANKY/ONE PIECE Film： Gold
1psovt	ONE PIECEワノ国編主題歌	OVER THE TOP	Hiroshi Kitadani/ONE PIECE
1pswup	「ワンピース」より	Wake Up!	AAA/ONE PIECE
24kara	ドラマ「GTO」より	24karats TRIBE OF GOLD	EXILE TRIBE
29shok	D.watt(IOSYS) feat.Np 犬田彦 & はかせ	IOSYS Aki no Nikushoku Matsuri 2014	D.watt (IOSYS) feat. Np Hiko Inuta & Hakase
2ge8ji	ドラマ「逃げるは恥だが役に立つ」より	Koi	Nigeru wa Hajidaga Yakunitatsu
2jiwar	SEKAI NO OWARI	Nijiiro no Sensou	SEKAI NO OWARI
2n2nja	「手裏剣戦隊ニンニンジャー」より	Saa Ike! Ninninger!	Youhei Ounishi/Shuriken Sentai Ninninger
2no92	須田景凪 映画「二ノ国」より	MOIL	Keina Suda/Ni no Kuni
32segw	Hisui feat. Yuko Ueda	Mitsusegawa Ranbu	Hisui feat. Yuko Ueda
365lov	Sonar Pocket & GRP/Onegai! Ranking	365 Nichi no Love Story.	Sonar Pocket & GRP/Onegai! Ranking
3d2op	「太鼓の達人 どんとかつの時空大冒険」テーマソング	Choujikuu Adventure	Torine feat. Saori Terai
3d3op	「太鼓の達人 ドコドン！ミステリーアドベンチャー」テーマソング	Sekai wa Itsudemo Mystery	Torine feat. Honoka Inoue
3dsb1x	Takafumi Sato	Maou no Showtime	Takafumi Sato
3dsop	「太鼓の達人 ちびドラゴンと不思議なオーブ」メインテーマ曲	Kimi to Hibiku Harmony	Takafumi Sato feat. Nao Toyama
3pcjaz	Mikhail	3piece-JazzParty!	Mikhail
3raclt	「たまごっち！みらくるフレンズ」より	Miracle☆Travel	Emiri Katoh/Tamagotchi! Miracle Friends
3ru3ru	magical²/Magical × Heroines Majimajo Pures!	Mirumiru ～Mirai Mieru～	magical²/Magical × Heroines Majimajo Pures!
3ti3ti	小林幸子	Sachi Sachi ni Shite Ageru♪	Sachiko Kobayashi
4396bl	ぽんきち	Yozakura Bladerz	Ponkichi
4gnyub	郁原ゆう「しんぐんデストロ〜イ！」より	Yubisaki Kara Hajimaru Monogatari	Yuu Kahara/Shingun～Destroy!
4shaas	NTTドコモ「ドコモの学割」CMソング	Ashita mo	Mush & Co./Docomo Student Discounts
57mono	郷 拓郎	Konamono☆	Takurou Gou
5tiusa	Petit Rabbit’s/Is the Order a Rabbit?	Daydream café	Petit Rabbit’s/Is the Order a Rabbit?
6ne9om	MOES feat. Namiko Hatakeyama	Dokidoki Mune-kyun Omatsuri Time	MOES feat. Namiko Hatakeyama
72mono	たんきゅんデモクラシー	Natsumono☆	Tanqun Democracy
7fuku	コバヤシユウヤ(IOSYS) feat.山本椛(monotone)	Geki-un! Shichifuku Happy Crew	Yuuya Kobayashi (IOSYS) feat. Momiji Yamamoto (monotone)
7iro	「アイドルマスター」より	Nanairo Button	Tetsuya Uchida feat. Iori Minase/THE iDOLM@STER 2
7oops	「NARUTO‐ナルト‐疾風伝」より	Lovers	7‼/NARUTO-Shippuuden
83noma	Silver Forest feat.アキ	Yami no Mahou Shoujo	Silver Forest feat. Aki
87oto	はるなば feat.初音ミク	Hanaoto Ura Hyoushi	Harunaba feat. Hatsune Miku
965op2	「黒子のバスケ」より	The Other Self	GRANRODEO/Kuroko’s Basketball
9renja	「宇宙戦隊キュウレンジャー」より	LUCKYSTAR	Tomohiro Hatano/Uchuu Sentai Kyuranger
a3aaa	アニメ「A3!」より	Act! Addict! Actors!	A3DERS!/A3!
a3mank	「A3!」主題歌	MANKAI☆Kaika Sengen	A3ders!/A3!
ac2nad	「ACE COMBAT 2」より	Night and Day	Nobuhide Isayama & Masako Oogami/ACE COMBAT 2
acex2	「ACE COMBAT X2 JOINT ASSAULT」より	IN THE ZONE	Go Shiina feat. Jonathan Underdown/ACE COMBAT X²： JOINT ASSAULT
adk	音響サスペンスドラマ「オーディオ刑事」より	Audio de Ka!	Yano Yoshihito/Audio Deka
ageta6	-太鼓の達人Mix-	Tonkatsu DJ Agetarou	Daisuke Fujiwara/Tonkatsu DJ Agetarou
aikatu	「アイカツ！」より	Diamond Happy	STAR☆ANIS [Waka & Fuuri & Sunao]/Aikatsu!
ainokt	MISIA feat. Hide (GReeeeN)	Ai no Katachi	MISIA feat. Hide (GReeeeN)
aisowr	かねこちはる	Aisowarai	Kaneko Chiharu feat. Shizaki Yuki
aiuta	GReeeeN	Ai Uta	GReeeeN
akanos	AILE feat. ENA	Aka no Senritsu	AILE feat. ENA
akb10t	AKB48 × 太鼓の達人	Kaze wa Fuiteiru	AKB48
akb347	「パピコ」CMソング	Sayonara Crawl	AKB48/PaPiCO
akb365	AKB48	365 Nichi no Kamihikouki	AKB48
akbait	AKB48/Rank Oukoku & Veriita	Aitakatta	AKB48/Rank Oukoku & Veriita
akbfly	AKB48	Flying Get	AKB48
akbftc	AKB48	Koi Suru Fortune Cookie	AKB48
akbhvy	AKB48	Heavy Rotation	AKB48
akbkac	映画「もしドラ」主題歌	Everyday, Katyusha	AKB48/Moshidora
akbsg	AKB48	Manatsu no Sounds Good!	AKB48
akbuza	AKB48/WONDA Morning Shot	UZA	AKB48/WONDA Morning Shot
akukan	Yuuji Masubuchi	Akuukan Yuuei ac⒓	Yuuji Masubuchi
alexan	bermei.inazawa feat. Mashiro Shirakami	Alexander no Theme	bermei.inazawa feat. Mashiro Shirakami
allimh	ソメイヨシノ feat. 高木美佑 (Wake Up, Girls！)	All In My Heart	Somei-yoshino feat. Miyu Takaki (Wake Up, Girls!)
altale	削除	Altale	Sakuzyo/G2R2014
alxswn	[Alexandros]	Swan	[Alexandros]
alxwtr	[Alexandros]	Watari-dori	[Alexandros]
amacha	オープニングテーマ	Ama-chan Opening Theme	Yoshihide Otomo/Ama-chan
amanda	bermei.inazawa	Amanda	bermei.inazawa
amatrs	Tatsh a.k.a 世阿弥	Amaterasu	Tatsh a.k.a. Zeami
amhero	リッジレーサー	Hero	FUNKY MONKEY BABYS/Zoom In‼ SUPER ‘09 Autumn Theme
amphit	かねこちはる	Amphit◇rite	Kaneko Chiharu
anadrm	「アナと雪の女王」より	Do You Want to Build a Snowman?	Natsuki Inaba/Frozen
anakoi	chay	Anata ni Koi wo Shite Mimashita	chay
anayuk	「アナと雪の女王」より	Let it Go ～Ari no Mama de～	Takako Matsu/Frozen
androm	Frenesi	Nagisa no Andromeda	Frenesi
angel2	Keiichi Okabe feat. Youko Takamitsu	Kaze no Fantasy	Keiichi Okabe feat. Youko Takamitsu
angel3	Keiichi Okabe feat. Youko Takamitsu	Pastel Dream	Keiichi Okabe feat. Youko Takamitsu
angelb	「Angel Beats!」より	My Soul, Your Beats!	Lia/Angel Beats!
animal	「百獣大戦グレートアニマルカイザー」より	Great! Animal Kaiser‼	Yukiko Yamamoto feat. Akira Kushida/Hyakujuu Taisen Great Animal Kaiser
anohid	溝口ゆうま feat.大瀬良あい miko	Ano Hi Deaeta Kiseki	Yuuma Mizonokuchi feat. Ai Oosera & miko
anp	DREAM!ing/Anpanman	Anpanman no March	DREAM!ing/Anpanman
anp3	それいけ！アンパンマン	Anpanman Taisou	DREAM!ing/Anpanman
ansa23	「暗殺教室」より	QUESTION	San-nen E-gumi Utatan/Assassination Classroom
ansa2k	「暗殺教室」より	Seishun Satsubatsuron	San-nen E-Gumi Utatan/Assassination Classroom
antoni	ゆるめるモ！	Antonio	You’ll Melt More!
aonose	AILE feat. Sariyajin	Ao no Senritsu	AILE feat. Sariyajin
aquari	「創聖のアクエリオン」より	Sousei no Aquarion	AKINO/Sousei no Aquarion
arigat	Ikimono-gakari/GeGeGe no Nyoubou	Arigatou	Ikimono-gakari/GeGeGe no Nyoubou
armage	BlackY	ARMAGEΔDON	BlackY
arufw	aran	Aru Fuwa	aran
asgbtb	BTB	Asagao	BTB
aslt	Kazuo Noguchi/Assault	Assault BGM1	Kazuo Noguchi/Assault
astero	KORG Gadget Kamata デモソング	Asteroid	KORG × BANDAI NAMCO -KORG Kamata Demo Song-
attaka	Kemamushi	Attakai’n Dakara♪	Kemamushi
aya10	日替り無料	Samba Alegria	Ayako Saso (Sampling Masters) feat. GOTANDA AMIGOS
bakuti	「劇場版 銀魂 新訳紅桜篇」より	Bakuchi Dancer	DOES/Gintama
batan9	「おそ松さん」より	Zenryoku Batankyu	AOP/Osomatsu-san
bbkkbk	nora2r	B.B.K.K.B.K.K.	nora2r/BOF2013
bburst	Hironobu Kageyama/Yuujou Souchaku! Butto Burst	Kurae! Butto Burst‼	Hironobu Kageyama/Yuujou Souchaku! Butto Burst
behemo	DJ Myosuke	Behemoth	DJ Myosuke
bforc	Yoshinori Kawamoto/Burning Force	Burning Force Medley	Yoshinori Kawamoto/Burning Force
bijoto	Alan Menken/Beauty and the Beast	Beauty and the Beast	Alan Menken/Beauty and the Beast
bkline	Masayuki Hasuo feat. Sariyajin	Break Line	Masayuki Hasuo feat. Sariyajin
bkmntu	くにきち	Bakemono Tsukiyo	Kunikichi
bko2		Donko no First Date	
bko3	期間限定のため、総合成績パネルに反映されません	Unagi no Tamashii Rock	Keiichi Okabe
blazer	「ブレイザー」より	Pastel Sealane	Seiichi Sakurai/BLAZER
bldcir	「NARUTO-ナルト-疾風伝」より	Blood Circulator	ASIAN KUNG-FU GENERATION/NARUTO-Shippuuden
blrose	Tatsh a.k.a. Zeami	Blue Rose Ruin	Tatsh a.k.a. Zeami
bluert	E.G.G.	OK I’m blue rat	E.G.G.
blurb	「NARUTO-ナルト-疾風伝」より	Blue Bird	Ikimono-gakari/NARUTO-Shippuuden
blzvtx	「クリティカルベロシティ」より	BLAZING VORTEX	George Nishigome/Critical Velocity
bn875	back number	Takane no Hanako-san	back number
bnxmas	back number	Christmas Song	back number/5→9 ～Watashi ni Koi Shita Oterasan～
brs	原曲：supercell feat.初音ミク	Black★Rock Shooter	ryo (supercell) feat. Hatsune Miku
bsdanc	サカモト教授 feat.GUMI	Bokura no Sekai ni Dance o	Professor Sakamoto feat. GUMI
btu5ar	Kakumi Nishigomi	Yozakura Shanikusai	Kakumi Nishigomi
bugi	Yuri Misumi feat. Yukiko Watanabe	Off♨Rock	Yuri Misumi feat. Yukiko Watanabe
bunkas	feat.団地ノ宮弥子	Yureru Pleats Jikkouiin	Masako Oogami feat. Yako (Danchinomiya)
buru2	腹ペコジャーニー第二章〜ブルちゃんのおや2〜 もっと食べたい1より(クラシック風)	Buru-chan no Oya2	Yasuaki Matsuda feat. Mio Ishida & Tomomitsu Kaneko
butou	Kakumi Nishigomi	Garyoutensei	Kakumi Nishigomi
butou2	Kakumi Nishigomi	Shin Garyoutensei	Kakumi Nishigomi
butou3	Kakumi Nishigomi	Gekkabijin	Kakumi Nishigomi
butou4	Kakumi Nishigomi	Kurofune Raikou	Kakumi Nishigomi
butou5	Kakumi Nishigomi	Hyakka Ryouran	Kakumi Nishigomi
butou6	Kakumi Nishigomi	Sengoku Sangen	Kakumi Nishigomi
butou7	Kakumi Nishigomi	Fuun Shishi	Kakumi Nishigomi
butou8	Kakumi Nishigomi	Hyakki Yakou	Kakumi Nishigomi
butou9	Kakumi Nishigomi	Ouka Ranman	Kakumi Nishigomi
calc	M-O-T-U	Calculator	M-O-T-U
caramt	たんきゅん	Caramel Time☆	Tanqun
caribb	Taiji	Caribbean Knight	Taiji
carnat	NOMI & ASKA feat. Asukao™	Carnation	NOMI & ASKA feat. Asukao™
carniv	AJURIKA	The Carnivorous Carnival	AJURIKA
castle	Tatsh a.k.a. Zeami	Black Rose Apostle	Tatsh a.k.a. Zeami
catdog	Mirai feat. Keiori Aihara	Shiro Neko Caramel Mugen no Wata-ame	Mirai feat. Keiori Aihara
cchipt	Ancraft	Choco Chiptune.	Ancraft
cha3	Nobuyoshi Koshibe	Omocha no Cha-cha-cha	Nobuyoshi Koshibe
chaost	t+pazolite	‽Chaos Time‽	t+pazolite
chinas	Mitchie M	Sword Battlers	Mitchie M
chn96b	Takahiro Kai/Chain Chronicle	Chain Chronicle Final Battle Medley	Takahiro Kai/Chain Chronicle
chn96n	Takahiro Kai/Chain Chronicle	Chain Chronicle Normal Battle Medley	Takahiro Kai/Chain Chronicle
chn96t	Takahiro Kai/Chain Chronicle	Chain Chronicle Total War Medley	Takahiro Kai/Chain Chronicle
chocod	Perfume	Chocolate Disco	Perfume
chozet	ねこかぶりサイクロン(xi+ねこみりん)	Chouzetsu-gikoukei Shoujo	Nekokaburi Cyclone [xi & Nekomirin]
chu2ed	「中二病でも恋がしたい！」より	INSIDE IDENTITY	Black Raison d’etre/Love, Chunibyo & Other Delusions
clotho	Tatsh feat.小田ユウ	Clotho	Tatsh a.k.a. Zeami feat. Yu Oda
cls10	オッフェンバック	Orpheus in the Underworld Overture	Jacques Offenbach
cls12r	Frédéric Chopin	Etude Op. 10-4	Frédéric Chopin
cls7	ベートーヴェン	Excerpt from Symphony No. 7	Ludwig van Beethoven
clsaip	ガーシュウィン	An American in Paris	George Gershwin
clsbut	Yuuji Masubuchi	Surfside Satie	Yuuji Masubuchi
clsca	ビゼー	Carmen Prelude	Georges Bizet
clscds	Katsuro Tajima -Csárdás Rendition-	Charlie Dash!	Katsuro Tajima -Csárdás Rendition-
clscpr	Yuuji Masubuchi	Le Tombeau de Couperin	Yuuji Masubuchi
clsdnu	Katsuro Tajima	Utsukushiku Isogashiki Danube	Katsuro Tajima
clsdog	Katsuro Tajima -Minute Waltz Rendition-	Puchipochi	Katsuro Tajima -Minute Waltz Rendition-
clsdok	YMY/Piano Suite “Mirror”	Alborada del Gracioso	YMY/Piano Suite “Mirror”
clsgen	ショパン	Fantaisie-Impromptu	Yuuji Masubuchi
clsh69	Katsuro Tajima -Hungarian Dance No. 6 Rendition-	Hung-rock	Katsuro Tajima -Hungarian Dance No. 6 Rendition-
clskum	リムスキー＝コルサコフ	Flight of the Bumblebee	Nikolai Andreevich Rimsky-Korsakov
clsmnk	Keiichi Okabe feat. Mamechiyo Nakamura	Kare Kano Canon	Keiichi Okabe feat. Mamechiyo Nakamura
clsmrs	ホルスト	Mars	Gustav Holst
clsrou	グリンカ)	Ruslan and Lyudmila Overture	Mikhail Glinka
clssum	Katsuro Tajima -Summer Third Movement Rendition-	Dokadoka	Katsuro Tajima -Summer Third Movement Rendition-
clstic	Katsuro Tajima -Tico-Tico no Fubá Rendition-	Chikochiko	Katsuro Tajima -Tico-Tico no Fubá Rendition-
clstoc	Yuuji Masubuchi	Toccata and Fugue and Rock	Yuuji Masubuchi
clsvre	Kurumi Kobato & Tokyo Jidou Gasshoudan	O Vreneli	Kurumi Kobato & Tokyo Jidou Gasshoudan
clsw	Gioachino Antonio Rossini	William Tell Overture	Gioachino Antonio Rossini
cna4	Go Shiina	Jinpuumaru	Go Shiina
cnctcl	Ponchi♪ feat.はぁち	Connect Colors	Ponchi♪ feat. Haxchi
comona	「ACE COMBAT 04」より	Comona	Tetsukazu Nakanishi/ACE COMBAT 04 SHATTERED SKIES
confli	siromaru + cranky	conflict	siromaru & Cranky feat. Pico/BOF2011
coquet	Jun Kuroda	Coquette	Jun Kuroda
coro3	コロコロコミック35周年応援ソング	Kokoro Korogase!	T-pistonz & KMC
cowcow	COWCOW feat. Taiyo Higuchi	Atarimae Taisou	COWCOW feat. Taiyo Higuchi
crkvic	Cranky	VICTORIA	Cranky feat. Pico
crosbl	Masayuki Hasuo feat. Sariyajin	Cross Blue	Masayuki Hasuo feat. Sariyajin
crtsun	「クリティカルベロシティ」より	Sunset Runaway	Ryuichi Takada/Critical Velocity
csmclr	cosMo@暴走P feat.初音ミク・GUMI	Colorful Voice	cosMo@bousouP feat. Hatsune Miku & GUMI
csmdgn	cosMo@暴走P	Dangan Notes	cosMo@bousouP
csmmon	cosMo＠暴走P feat.初音ミク・GUMI	Monochrome Voice	cosMo@bousouP feat. Hatsune Miku & GUMI
d96can	t+pazolite	DOQⅬCANⅮ♡	t+pazolite
daiku	Ludwig van Beethoven	Symphony No. 9	Ludwig van Beethoven
dariub	「ダライアスバースト」より	Good-bye my earth	Shohei Tsuchiya (ZUNTATA)/Dariusburst
daybyd	TONES Project feat. MANA	Day by Day!	TONES Project feat. MANA
dbcdyn	「ドラゴンボール超」より	Chouzetsu☆Dynamic!	Kazuya Yoshii/Dragon Ball Super
dbcgen	「ドラゴンボール超」より	Genkai Toppa × Survivor	Kiyoshi Hikawa/Dragon Ball Super
dchero	Youko Oginome	Dancing Hero	Youko Oginome
ddkmon	Mirai feat. Chata	Dadakko Monster	Mirai feat. Chata
ddrumt	ふぇのたす	Denshi-drum no Tatsujin	Phenotas feat. Miko
deadie	REDALiCE	Dead or Die	REDALiCE
deathm	Yuri Misumi feat. Basho	Many wow bang!	Yuri Misumi feat. Basho
debstp	やじゅ	DEBSTEP!	Yajuu
dem31k	「DEEMO」より	Saika	Rabpit/DEEMO
den	Masako Oogami feat. RUMI	Densetsu no Matsuri	Masako Oogami feat. RUMI
densfz	Yuji Masubuchi(BNSI)	Densha de Densha de OPA! OPA! OPA!	Yuuji Masabuchi (BNSI)/Densha de GO! & Fantasy Zone
densgo	COSIO(ZUNTATA/TAITO)/沢城千春「電車でGO!」	Densha de Densha de GO! GO! GO! GC!	COSIO (ZUNTATA & TAITO)/Densha de GO! & Fantasy Zone
densrr	Hiro(SEGA)	Ridge de Ridge de GO! GO! GO!	Shinji Hosoe (Sampling Masters)/RIDGE RACER & Densha de GO!
dhero2	ギャラクシーミッションシリーズ テーマソング	Dragon Ball Heroes Galaxy Mission Series Theme Song	Dragon Soul/Dragon Ball Heroes
dhero3	Dragon Soul/Dragon Ball Heroes	Dragon Ball Heroes Evil Dragon Mission Series Theme Song	Dragon Soul/Dragon Ball Heroes
dhero4	Takayoshi Tanimoto/Dragon Ball Heroes	Dragon Ball Heroes God Mission Series Theme Song	Takayoshi Tanimoto/Dragon Ball Heroes
dhero5	Takayoshi Tanimoto/Super Dragon Ball Heroes	Super Dragon Ball Heroes Theme Song	Takayoshi Tanimoto/Super Dragon Ball Heroes
digmon	「デジモンアドベンチャー」より	Butter-Fly	Koji Wada/Digimon Adventure
dimens	DUNKEL	DIMENSIONS	DUNKEL
dkpri9	Tomoyo Kurosawa/Dokidoki! Pretty Cure	Happy Go Lucky! Dokidoki! Pretty Cure	Tomoyo Kurosawa/Dokidoki! Pretty Cure
dmgene	ゴールデンボンバー	Dance My Generation	Golden Bomber
dmjojo	「デュエル・マスターズ」より	Mirai wa Joe! Joe!	Hayabusa/Duel Masters
doctrx	ドラマ「ドクターX〜外科医・大門未知子〜」より	Doctor X Theme	Kan Sawada/Doctor X： Surgeon Daimon Michiko
doncam	Linda AI-CUE	Donkama 2000	Linda AI-CUE
doomn	「ギャラガレギオンズ」より	Doom Noiz	Linda AI-CUE/Galaga Legions
dora2	Kumiko Osugi/Doraemon -Oyama Version-	Doraemon no Uta	Kumiko Osugi/Doraemon -Oyama Version-
dora4	「ドラえもん」より	Yume o Kanaete Doraemon	mao/Doraemon
doremi	「たまごっち！ゆめキラドリーム」より	Doremi Fasorairo	Dream5/Tamagotchi! Yume Kira Dream
dparad	DANCE EARTH PARTY タイアップソング	DREAMERS’ PARADISE	DANCE EARTH PARTY
dragoo	Massive New Krew	Dragoon	Massive New Krew
dreadn	Mastermind(xi＋nora2r)	Dreadnought	Mastermind [xi & nora2r]/BOFU2015
dreamt	Mirai feat. Chata	Dream Tide	Mirai feat. Chata
drsp	Shinji Hosoe/Dragon Spirit	Dragon Spirit Medley	Shinji Hosoe/Dragon Spirit
druag2	Katsuro Tajima/The Tower of Druaga	Symphonic Druaga	Katsuro Tajima/The Tower of Druaga
druaga	Junko Ozawa/The Tower of Druaga	The Tower of Druaga Medley	Junko Ozawa/The Tower of Druaga
dsadvn	暖@よみぃ	D’s Adventure Note	Dan@Yomii
dsgame	DJ Myosuke	Don’t Stop the Game	DJ Myosuke
dsoul	「DRAGON BALL改」より	Dragon Soul	Takayoshi Tanimoto/Dragon Ball Kai
duduwa	AIKATSU☆STARS! & STAR☆ANIS/Aikatsu!	Du-Du-Wa DO IT‼	AIKATSU☆STARS! & STAR☆ANIS/Aikatsu!
eatem	「R4 -RIDGE RACER TYPE4-」より	EAT ‘EM UP!	Hiroshi Okubo/R4 -RIDGE RACER TYPE4-
ebika2	ケロポンズ	Ebikanics	Keropons
eblaze	水樹奈々	ETERNAL BLAZE	Nana Mizuki/Mahou Shoujo Lyrical Nanoha A’s
egoego	Koji Nakagawa feat. Eriko Nakamura	Ego Ego Atakushi	Koji Nakagawa feat. Eriko Nakamura
ekiben	Linda AI-CUE	EkiBEN 2000	Linda AI-CUE
elegy	Masaki Suda/Todome no Kiss	Sayonara Elegy	Masaki Suda/Todome no Kiss
eoria	K Masera feat. Natsumi (Silver Forest)	Chiheisen no Aeolia	K Masera feat. Natsumi (Silver Forest)
erfanc	みきとP	Ii Aru Fanclub	MikitoP feat. GUMI & Kagamine Rin
espera		Negai wa Esperanto	
etbond	リューイッティ	Eternal bond	Ryuwitty feat. GUMI
etring	museo	EterNal Ring	museo
eva	Youko Takahashi/Neon Genesis Evangelion	A Cruel Angel's Thesis	Youko Takahashi/Neon Genesis Evangelion
evedrm	Eve	Dramaturgy	Eve
evensb	Eve	Nonsense Bungaku	Eve
evievi	AJURIKA	Evidence of evil	AJURIKA
f2naru	「すべてがFになる THE PERFECT INSIDER」より	talking	KANA-BOON/Subete ga F ni Naru THE PERFECT INSIDER
fa3res	Mirai feat. Keiori Aihara	Famires Wars	Mirai feat. Keiori Aihara
fantbb	Big Bang	FANTASTIC BABY	Big Bang
fauna	猫叉Master 「jubeat」より	The Impression That I Get	The Mighty Mighty Bosstones
fcmedl	バルーンファイト・ドクターマリオ・エキサイトバイク	Famicom Medley	Hirokazu Tanaka/Balloon Fight & Dr. Mario & Excitebike
fdive	xi	FREEDOM DiVE↓	xi/MAXBEAT
fgod	Shinji Hosoe (Sampling Masters)	dance storm	Shinji Hosoe (Sampling Masters)
flabo	YMY	Future Lab	YMY
fltlnd	aran	KUSANAGI	aran
flwsng	EXILE	Flower Song	EXILE
flyawy	Yoshihito Yano feat. Takayoshi Tanimoto	Fly away	Yoshihito Yano feat. Takayoshi Tanimoto
fmonst	きゃりーぱみゅぱみゅ	Fashion Monster	Kyary Pamyu Pamyu
follom	E-girls	Follow Me	E-girls
foofoo	はるなば feat.SaChi(harineko)	FooFoo Casette	Harunaba feat. SaChi a.k.a. Harineko
fozeop	「仮面ライダーフォーゼ」より	Switch On!	tatsuo feat. Anna Tsuchiya/Kamen Rider Fourze
fparty	「映画クレヨンしんちゃん ガチンコ！逆襲のロボとーちゃん」より	Family Party	Kyary Pamyu Pamyu/Crayon Shin-chan
fu7bug	〜ふなっしー公式テーマソング第二弾〜	Boogie Boogie Funassyi♪	Funassyi
fu7fu7	〜ふなっしー公式テーマソング〜	Funa Funa Funassyi♪	Toshihiko Takamizawa feat. Funassyi
fufish	「Free! -Eternal Summer-」より	FUTURE FISH	STYLE FIVE/Free! -Eternal Summer-
fujin	COSIO(ZUNTATA) 「グルーヴコースター」より	FUJIN Rumble	COSIO (ZUNTATA)/GROOVE COASTER
funk	Yuri Misumi feat. micazo	Saturday Taiko Fever	Yuri Misumi feat. micazo
furyu	Azu♪	Dragon of Winter ～Toryu～	Azu♪
fzone	Hiro(SEGA)「ファンタジーゾーン」	Fantasy Zone OPA-OPA!	Hiro (SEGA)/Fantasy Zone
g14ki	Kaneko Chiharu feat. Shizaki Yuki	G Ishiki Kajou	Kaneko Chiharu feat. Shizaki Yuki
gaimu	「仮面ライダー鎧武」より	JUST LIVE MORE	Shonan no Kaze/Kamen Rider Gaim
garakt	t+pazolite 「maimai でらっくす」より	Garakuta Doll Play	t+pazolite/maimai
gashad	Hisui	Gashadokuro	Hisui
gbfgo	「グランブルーファンタジー ジ・アニメーション」主題歌	GO	Granblue Fantasy
gbfkim	「グランブルーファンタジー」より	Kimi to Boku no Mirai	Nobuo Uematsu feat. Hisako Kanemoto/Granblue Fantasy
gbfsor	「グランブルーファンタジー」より	Sora no Michishirube	picnic feat. Madoka Yonezawa/Granblue Fantasy
gdiver	「トレジャーガウスト ガウストダイバー」より	Diver	Kawagen Collagen/Treasure Gaust： Gaust Diver
gdmtb	「機動戦士ガンダム サンダーボルト」	Groovy Duel	Naruyoshi Kikuchi/Mobile Suit Gundam Thunderbolt
gdtmp	Gudetama/Gudetama	Gudetama Put Your Hands Up	Gudetama/Gudetama
gdtmt	Gudetama/Gudetama	Gudetama Theme Song	Gudetama/Gudetama
gekikk	DJ Myosuke	HARDCORE no Kokoroe	DJ Myosuke
gekir3	激レアさんを連れてきた。	Geki-rare-san Special Medley	Yuichiro Nagai & Joyman
genpe	～源平討魔伝メドレー～	KAGEKIYO	Yuuji Masubuchi/Genpei Touma Den Medley
genpe2	源平討魔伝リミックス COSIO	SHOGYO MUJO	COSIO/Genpei Touma Den
gerapo	「妖怪ウォッチ」より	Geragerapo no Uta	King Cream Soda/Yo-kai Watch
gerber	BEMANI Sound Team "TAG" 「SOUND VOLTEX」より	GERBERA	BEMANI Sound Team “TAG”/SOUND VOLTEX
germin	Katsuro Tajima & Masanobu Murakami	GERMINATION	Katsuro Tajima & Masanobu Murakami
geswat	Gesu no Kiwami Otome.	Watashi Igai Watashi ja Nai no	Gesu no Kiwami Otome.
gfish	はるなば	Goldfish City	Harunaba
ghnpan	コバヤシユウヤ(IOSYS) feat.miko ＆ 山本椛	Pan ℣ Gohan! Dai-kessen!	Yuuya Kobayashi (IOSYS) feat. miko & Momiji Yamamoto
gimcho	BABYMETAL	Gimme Chocolate‼	BABYMETAL
giogio	Hiroaki “TOMMY” Tominaga/JoJo’s Bizarre Adventure	JoJo ～Sono Chi no Sadame～	Hiroaki “TOMMY” Tominaga/JoJo’s Bizarre Adventure
glokey	K.key	Gloria	K.key
glyhow	GLAY	HOWEVER	GLAY
glyywk	GLAY	Yuuwaku	GLAY
glyzmb	GLAY×太鼓の達人タイアップソング	Shin Zombie	GLAY
gntkag	「銀魂.」より	Kagerou	ЯeaL/Gintama.
godea2	Go Shiina/GOD EATER 2 RAGE BURST	Wings of Tomorrow	Go Shiina/GOD EATER 2 RAGE BURST
godea4	「GOD EATER」より	Feed A	OLDCODEX/GOD EATER
godeat	「GOD EATER」より	No Way Back	Go Shiina feat. Ben Franklin/GOD EATER
godray	kyo(BNSI) 「シンクロニカ」より	God Ray	kyo feat. Miki Tsuchiya/Synchronica
goget	寺島怜志	GO GET ‘EM!	Satoshi Terashima
gogo	Yoshihito Yano & Yuuji Masubuchi	Shining 65	Yoshihito Yano & Yuuji Masubuchi
gomkis	E-girls	Gomennasai no Kissing You	E-girls
gotama	Morihiro Suzuki feat. Yuria Nara/Tamagotchi!	GO-GO Tamagotchi!	Morihiro Suzuki feat. Yuria Nara/Tamagotchi!
goth	Keiichi Okabe feat. Nami Nakagawa	DON’T CUT	Keiichi Okabe feat. Nami Nakagawa
gotmor	E.G.G 「グルーヴコースター」より	Got more raves?	E.G.G./GROOVE COASTER
gstmsk	はるなば feat.結月ゆかり＆石黒千尋	Ghost Mask	Harunaba feat. Yuzuki Yukari & Chihiro Ishiguro
gumi10	YM	Juumensou	YM feat. GUMI
gumi22	豊永ごんたP feat.GUMI	Ninjin Nin	Toyonaga GontaP feat. GUMI
gumiam	164 feat.GUMI	Amanojaku	164 feat. GUMI
gumico	はるなば	Coffee no Aji to	Harunaba feat. GUMI
gumidk	Noriyuki feat. GUMI	Dokidoki Koi no Yokan⁉	Noriyuki feat. GUMI
gumidp	kemu feat. GUMI	Haikei Doppelgänger	kemu feat. GUMI
gumihk	Last Note.	Houkago Stride	Last Note. feat. GUMI
gumijk	リューイッティ	Juukinzou Fugitive	Ryuwitty feat. GUMI
gumima	ハチ	Matryoshka	Hachi feat. Hatsune Miku & GUMI
gumimo	DECO*27 feat. GUMI	Mozaik Role	DECO*27 feat. GUMI
gumire	kemu	Jinsei Reset Button	kemu feat. GUMI
gumizk	164 feat.GUMI 「戦闘摂理解析システム#コンパス」より	Zankyou	164 feat. GUMI/#C.O.M.P.A.S.S.
gunsln	Cineraria Studio (TiS) feat. Rika Hisui	Gunslinger Cinderella	Cineraria Studio (TiS) feat. Rika Hisui
gurt	「グルト！」CMソング	Katte Rock	Ikuzo Yoshi/Gurt!
haiky2	「ハイキュー!! 烏野高校 VS 白鳥沢学園高校」より	Hikari Are	BURNOUT SYNDROMES/Haikyuu‼
haikyu	「ハイキュー!!」より	Imagination	SPYAIR/Haikyuu‼
hanakp	「はなかっぱ」より	S・M・I・L・E	Moka Kamishiraishi/Hanakappa
haphap	TVアニメ「クレヨンしんちゃん」より	Happy Happy	Becky♪#/Crayon Shin-chan
haruut	「名探偵コナン 11人目のストライカー」より	Haru Uta	Ikimonogatari/Detective Conan： The Eleventh Striker
haryu	Azu♪	Dragon of Spring ～Haryu～	Azu♪
hatara	Linda AI-CUE	Hataraku 2000	Linda AI-CUE
hayabu	Takafumi Sato	Hayabusa	Takafumi Sato
hcpri9	Sayaka Nakaya/Happiness Charge Pretty Cure	Happiness Charge Pretty Cure! WOW!	Sayaka Nakaya/Happiness Charge Pretty Cure
helhal	Masako Oogami feat. Shogo Nakamura	Hello! Halloween	Masako Oogami feat. Shogo Nakamura
hi4kko	つよみー	Hiyokko Fantasy	Tsuyomi feat. Mitsu
hide4s	黒沢ダイスケ × Masahiro "Godspeed" Aoki	Tenka Touitsu Roku	Daisuke Kurosawa × Masahiro “Godspeed” Aoki
higgs	Mitsuhiro Kaneda (Basiscape) feat. Keiori Aihara	Shoujo no Kami no Ryuushi	Mitsuhiro Kaneda (Basiscape) feat. Keiori Aihara
himyak	映画「STAND BY ME ドラえもん」より	Himawari no Yakusoku	Motohiro Hata/STAND BY ME Doraemon
hiyam2	taichi hiyama	Tsukikage SASURAI	taichi hiyama
hkdays	「ワンピース」より	Hard Knock Days	GENERATIONS (EXILE TRIBE)/ONE PIECE
hkgmag	まりんべーす	Houkago☆Magician	Marine Base
honnou	エグスプロージョン	Honnouji no Hen	EGU-SPLOSION
hormon	マキシマム ザ ホルモン	maximum the hormone	Maximum the Hormone
hoslin	feat.結羽(プラムソニック)	Hoshikuzu to Linear to Boku	Rio Hamamoto feat. Yuu (pLumsonic!)
hslove	E-girls	Highschool♡love	E-girls
hslump	「探偵！ナイトスクープ」のテーマ	Heart Slump Futari-bocchi	Hironobu Urata feat. Hiroshi Madoka/Detective! Night Scoop
hurtlb	さだきち	Hurtling Boys	Sadakichi
hvride	濱本理央(BNSI)	Heaven’s Rider	Rio Hamamoto
i7daut	「アイドリッシュセブン」より	NO DOUBT	IDOLiSH7/IDOLiSH7
i7hvn	「アイドリッシュセブン」より	Heavenly Visitor	IDOLiSH7/IDOLiSH7
i7natu	IDOLiSH7 feat.TRIGGER 「アイドリッシュセブン」より	NATSU☆Shiyouze!	IDOLiSH7 feat. TRIGGER/IDOLiSH7
i7wish	「アイドリッシュセブン」より	WiSH VOYAGE	IDOLiSH7/IDOLiSH7
ia6cho	kemu	Rokuchounen to Ichiya Monogatari	kemu feat. IA
iaasny	Orangestar	Asu no Yozora Shoukaihan	Orangestar feat. IA
iachil	じん	Children Record	Jin feat. IA
iaenme	Neru feat.IA	Enmei Chiryou	Neru feat. IA
iagera	石風呂 feat.IA	Geragera to Warauna	Ishifuro feat. IA
iamsyn	Yoshihito Yano feat. Nobuyoshi Sano	Boku wa Synth	Yoshihito Yano feat. Nobuyoshi Sano
iaybns	じん	Yobanashi Deceive	Jin feat. IA
idol2	Yuuji Masubuchi feat. Mika Sato	Scroll Mika	Yuuji Masubuchi feat. Mika Sato
ignis	Yuji Masubuchi「太鼓の達人」より	Ignis Danse	Yuuji Masubuchi
ikaika	AJURIKA	Ikanai de Ikaros	AJURIKA
ikazu7	光吉猛修 「CHUNITHM」より	Ikazuchi	Takenobu Mitsuyoshi/CHUNITHM
ikenai	ORANGE RANGE	Ikenai Taiyou	ORANGE RANGE
ikshim	Masanobu Komaba feat. Haruka Shimotsuki	Yumeiro Coaster	Masanobu Komaba feat. Haruka Shimotsuki
im4dst	「アイドルマスター シャイニーカラーズ」より	Hikari no destination	illumination STARS/THE iDOLM@STER Shiny Colors
im4spr	Shiny Colors/THE iDOLM@STER Shiny Colors	Spread the Wings‼	Shiny Colors/THE iDOLM@STER Shiny Colors
imas2t	「アイドルマスター」より	The world is all one‼	Tomokazu Tashiro feat. 765PRO ALLSTARS/THE iDOLM@STER 2
imasop	「アイドルマスター」より	READY‼	Satoru Kousaki feat. 765PRO ALLSTARS/THE iDOLM@STER 2
imc2bm	「アイドルマスター シンデレラガールズ」より	Tsubomi Yumemiru Rapsodia ～Alma no Michibiki～	Sir Hirokawa feat. Maaya Uchida/THE iDOLM@STER ONE FOR ALL
imc32b	「アイドルマスター シンデレラガールズ」より	Mitsuboshi☆☆★	kyo feat. Sayuri Hara/THE iDOLM@STER ONE FOR ALL
imc5in	「アイドルマスター シンデレラガールズ」より	GOIN’‽	Mayu Miyazaki feat. CINDERELLA PROJECT/THE iDOLM@STER Cinderella Girls
imcagd	「アイドルマスター シンデレラガールズ」より	Angel Dream	Keiichi Okabe feat. Naomi Ohzora/THE iDOLM@STER Cinderella Girls
imcanz	「アイドルマスター シンデレラガールズ」より	Anzu no Uta	Takafumi Sato feat. Hiromi Igarashi/THE iDOLM@STER ONE FOR ALL
imclip	「アイドルマスター シンデレラガールズ」より	Tulip	Kakeru Ishihama (MONACA) feat. LiPPS/THE iDOLM@STER Cinderella Girls： Starlight Stage
imcnev	「アイドルマスター シンデレラガールズ」より	Never say never	Akitaka Toyama feat. Ayaka Fukuhara/THE iDOLM@STER ONE FOR ALL
imconc	「アイドルマスター シンデレラガールズ」より	Onegai! Cinderella	Tetsuya Uchida feat. Ayaka Ohashi/THE iDOLM@STER Cinderella Girls
imcshn	「アイドルマスター シンデレラガールズ」より	Shine	Yoshihiko Nishio feat. Leo Ieri/Kaeru no ôjosama
imcsml	「アイドルマスター シンデレラガールズ」より	S(mile)ING!	Yoshi feat. Ayaka Ohashi/THE iDOLM@STER ONE FOR ALL
imcstr	Hidekazu Tanaka feat. new generations/THE iDOLM@STER Cinderella Girls	Star!!	Hidekazu Tanaka feat. new generations/THE iDOLM@STER Cinderella Girls
imctok	「アイドルマスター シンデレラガールズ」より	TOKIMEKI Escalate	Tetsuya Uchida feat. Haruka Yoshimura/THE iDOLM@STER Cinderella Girls： Starlight Stage
imedrv	「アイドルマスター SideM」より	DRIVE A LIVE	Kanako Kakino feat. Takuma Terashima/THE iDOLM@STER SideM
imeglo	「アイドルマスター SideM」より	GLORIOUS RO@D	Takura Watanabe feat. Takuma Terashima/THE iDOLM@STER SideM
imersn	EFFY feat. Takuma Terashima/THE iDOLM@STER SideM	Reason‼	EFFY feat. Takuma Terashima/THE iDOLM@STER SideM
imibla	SCL Project(NatsuP) feat.VanaN'Ice	IMITATION BLACK	SCL Project feat. VanaN’Ice
imm39	「アイドルマスター ミリオンライブ！」より	Thank You!	Takafumi Sato feat. Haruka Yamazaki/THE iDOLM@STER ONE FOR ALL
immbra	「アイドルマスター ミリオンライブ！」より	Brand New Theater!	Takafumi Sato feat. Haruka Yamazaki/THE iDOLM@STER Million Live! Theater Days
imrdiv	玉屋2060%　　アイマリン(CV:内田彩)　　「アイマリンプロジェクト」より	Dive to Blue	Tamaya 2060% feat. Aya Uchida/iMarine Project
imrmm	ANCHOR(ZiNG)　　アイマリン(CV:内田彩)、アイウリン(CV:三森すずこ)、アイワリン(CV:竹達彩奈)　　「アイマリンプロジェクト」より	Marine Mirage	ANCHOR (ZiNG) feat. Aya Uchida/iMarine Project
imshhb	「アイドルマスター」より	Honey Heartbeat ～10 Stars Mix～	Linda AI-CUE feat. 765PRO ALLSTARS/THE iDOLM@STER 2
imsims	「アイドルマスター」より	THE iDOLM@STER	Hiroto Sasaki/THE iDOLM@STER
imsjbr	「アイドルマスター」より	Jibun RESTART	Hidekazu Tanaka feat. 765PRO ALLSTARS/THE iDOLM@STER
imsmah	「アイドルマスター」より	Mahou o Kakete!	Satoru Kousaki feat. 765PRO ALLSTARS/THE iDOLM@STER
imsmjd	Takafumi Sato feat. 765PRO ALLSTARS/THE iDOLM@STER MUST SONGS： Blue Album	Maji de...⁉	Takafumi Sato feat. 765PRO ALLSTARS/THE iDOLM@STER MUST SONGS： Blue Album
imsmpr	「アイドルマスター」より	Machiuke Prince	Takafumi Sato feat. 765PRO ALLSTARS/THE iDOLM@STER Shiny TV
imsmt5	「アイドルマスター」より	Ai MUST GO!	Koji Nakagawa feat. Eriko Nakamura/THE iDOLM@STER MUST SONGS： Red Album
imsmtp	「アイドルマスター」より	M@STERPIECE	Satoru Kousaki feat. 765PRO ALLSTARS/THE iDOLM@STER ONE FOR ALL
imsomn	「アイドルマスター」より	ONLY MY NOTE	Tetsuya Uchida feat. 765PRO ALLSTARS/THE iDOLM@STER ONE FOR ALL
imsshn	「アイドルマスター」より	shiny smile	Yoshi feat. 765PRO ALLSTARS/THE iDOLM@STER： Live for You!
imymok	桃井はるこ	I my moko	Haruko Momoi
inach9	「イナズマイレブンGOギャラクシー」より	Chikyuu o Mawase!	T-pistonz & KMC/Inazuma Eleven GO Galaxy
indeni	Yoshihito Yano feat. Fusshi & Funadi & Ryo	All Night de Indenai	Yoshihito Yano feat. Fusshi & Funadi & Ryo
insp29	INSPIONスペシャルコラボ	Hito no Okane de Yakiniku o Shokushitai!	INSPION × BANDAI NAMCO
inspio	サウンド制作スタジオ「INSPION」社歌	INSPION	Daisuke Kurosawa -INSPION Company Theme-
inu	Tokyo Zidou Gasshoudan	Inu no Omawari-san	Tokyo Zidou Gasshoudan
inuhoe	Makita Sports	Inu Hoeru	Makita Sports
invara	Hisui feat. Saori Terai	Jotei ～Imbiratuula～	Hisui feat. Saori Terai
invinv	きゃりーぱみゅぱみゅ	Invader Invader	Kyary Pamyu Pamyu
irpunk	paraμ	Oozora to Taiko no Odori	paraμ
isan	feat.団地ノ宮弥子	Wa Arudo Herite Iji-jo	Masako Oogami feat. Yako (Danchinomiya)
itadak	CHUBAY	Itadaki	CHUBAY
iwantu	かねこちはる	Ai want U	Kaneko Chiharu
iwish	EXILE/2010 World Valley	I Wish For You	EXILE/2010 World Valley
izanam	Hisui feat. Aya Mano & Takane Yabuki	Yomi no Izanami	Hisui feat. Aya Mano & Takane Yabuki
j99	Takayuki Aihara feat. Ayumi	Negaigoto☆Puzzle	Takayuki Aihara feat. Ayumi
japari	どうぶつビスケッツ×PPP 「けものフレンズ」より	Youkoso Japari Park e	Doubutsu Biscuits × PPP/Kemono Friends
jazmen	Yuuji Masubuchi	Minuet	Yuuji Masubuchi
jaznoc	Jesahm	Nocturne Op. 9-2	Jesahm
ji9cho	feat.unmo	Jikuuchou Jikuu 1-ka	Kawagen Collagen feat. unmo
ji9sou	feat. 沙知(ハリネコ)	Jikuuchou Sousa 2-ka	Kawagen Collagen feat. SaChi a.k.a. Harineko
jojo	mihimaru GT	Kibun Joujou↑↑	mihimaru GT
jouzai	Hisui	Ai to Jouzai no Mori	Hisui
joyful	Ikimono-gakari	Joyful	Ikimono-gakari
jubflw	DJ YOSHITAKA 「jubeat」より	FLOWER	DJ YOSHITAKA/jubeat
jysuki		Suki na Hito ga Iru Koto	
jyuoja	Hideaki Takatori/Doubutsu Sentai Zyuohger	Doubutsu Sentai Zyuohger	Hideaki Takatori/Doubutsu Sentai Zyuohger
k2mtom	「映画クレヨンしんちゃん 爆睡！ユメミーワールド大突撃」より	Tomo yo ～Kono Saki mo Zutto...	Ketsumeishi/Crayon Shin-chan
kagmtm	Versus	Kagayaki o Motomete	Versus feat. Fuko Nishina
kagu27	Massive New Krew	Kagutsuchi	Massive New Krew
kahata	t+pazolite	Kawatare-doki no Yuuwaku	t+pazolite
kaidan	かねこちはる	χdan	Kaneko Chiharu
kaiden	Yuuji Masubuchi	Taiko Ranbu Kaiden	Yuuji Masubuchi
kalice	伊東歌詞太郎	Kagami no Kuni no Alice	Kashitarou Itou
karamr	はるなば feat.結月ゆかり	Karamari no Hana	Harunaba feat. Yuzuki Yukari
karyu	Azu♪	Dragon of Summer ～Karyu～	Azu♪
kazega	NHKロンドンオリンピック放送 テーマソング	Kaze ga Fuiteiru	Ikimono-gakari/The London Olympics
kecha	Linda AI-CUE	Kechadon 2000	Linda AI-CUE
kekka2	「血界戦線」より	Sugar Song to Bitter Step	UNISON SQUARE GARDEN/Blood Blockade Battlefront
kenkaj	Kishidan/Gokuaku Ganbo	Kenka Joutou	Kishidan/Gokuaku Ganbo
kerajk	KERAKERA	Kerakera Janken	KERAKERA
kienbj	ぺのれり	Kien Banjou Kagura	Penoreri
kim100	「クレヨンしんちゃん」より	Kimi ni 100%	Kyary Pamyu Pamyu/Crayon Shin-chan
kim4ra	「化物語」より	Kimi no Shiranai Monogatari	supercell/Bakemonogatari
kim69	Aimyon	Kimi wa Rock o Kikanai	Aimyon
kimetu	「鬼滅の刃」より	Gurenge	LiSA/Kimetsu no Yaiba
kimpla	Masanobu Komaba feat. Haruka Shimotsuki	Kimi no Planet	Masanobu Komaba feat. Haruka Shimotsuki
kimsak	Doll☆Elements	Kimi ni Sakura Hirari to Mau	Doll☆Elements
kirame	「アイドルマスター」より	Kiramekirari	Satoru Kousaki feat. 765PRO ALLSTARS/THE iDOLM@STER SP
kirapw	「アイカツ！」より	KIRA☆Power	STAR☆ANIS [Waka & Fuuri & Sunao]/Aikatsu!
kirby	「星のカービィ Wii」より	Kirby’s Dream Land Medley	Hirokazu Ando/Kirby’s Return to Dream Land
kirby2	「星のカービィ ウルトラスーパーデラックス」より	Revenge of Meta Knight Medley	Jun Ishikawa/Kirby Super Star Ultra
kiseki	ドラマ「ROOKIES」より	Kiseki	GReeeeN/ROOKIES
kiskis	「アサヒ飲料十六茶CM」より	KISS KISS BANG BANG	Ikimono-gakari/Jurokucha
kkrobo	Ujico*	Kokorobo	Ujico*
kktmhp	「かみさまみならい ヒミツのここたま」より	Cocotama Happy～Paradise!	ERIKA/Kamisama Minarai： Himitsu no Cocotama
klwind	「風のクロノア」より	The Windmill Song	Junko Ozawa/Klonoa： Door to Phantomile
kmbaby	「キルミーベイベー」より	Kill Me no Baby!	EXPO feat. Chinatsu Akasaki/Kill Me Baby!
koi907	黒沢ダイスケ × 小寺可南子	Koi-kurenai	Daisuke Kurosawa × Kanako Kotera
koiama	AAA	Koi Oto to Amazora	AAA
kokiku	諸星なな・加藤はるか	Ko-ki-ku-kuru-kuru-kure-ko!	Nana Moroboshi feat. Haruka Katou
konanc	「名探偵コナン」より	Countdown	NormCore/Detective Conan
konant	アニメ映画「名探偵コナン」	Detective Conan Main Theme	Katsuo Oono/Detective Conan
kooryu	Azu♪	Dragon of Ice ～Kooryu～	Azu♪
kr01	「仮面ライダーゼロワン」より	REAL × EYEZ	LUNA SEA feat. Takanori Nishikawa/Kamen Rider Zero-One
kr5st2	「仮面ライダーゴースト」より	Warera Omou, Yue ni Warera Ari	Kishidan/Kamen Rider Ghost
krbld	「仮面ライダービルド」より	Be the One	PANDORA feat. Beverly/Kamen Rider Build
krdriv	「仮面ライダードライブ」より	SURPRISE-DRIVE	Mitsuru Matsuoka EARNEST DRIVE/Kamen Rider Drive
krexd	「仮面ライダーエグゼイド」より	EXCITE	Daichi Miura/Kamen Rider Ex-Aid
krinne	「境界のRINNE」より	SHINY	Yoru no Honki Dance/Rin-ne
krkrkk	「かみさまみならい ヒミツのここたま」より	Korokoro Cocotama!	ERIKA/Kamisama Minarai Himitsu no Cocotama
kroman	Ikimono-gakari/Celebrity and Poor Tarou	Kimagure Romantic	Ikimono-gakari/Celebrity and Poor Tarou
krzio	「仮面ライダージオウ」より	Over “Quartzer”	Shuta Sueyoshi (AAA) feat. ISSA/Kamen Rider Zi-o
kteien	はるなば feat. 石黒千尋	Kaichuu Teien o Motsu Shoujo	Harunaba feat. Chihiro Ishiguro
kuma	Baba Yoshihiro	Mori no Kuma-san	Baba Yoshihiro
kumams	くまモン体操	Kumamoto Surprise! Kumamon Gymnastics	Bombo Fujii feat. Kumamontai
kumatm	「クマ・トモ」テーマ曲	Oshiete, Kuma Tomo	Katsuro Tajima feat. Mitsu/Kuma Tomo
kuon	Dan Nakagawa feat. Saori Fukuyama	Kuon no Yoru	Dan Nakagawa feat. Saori Fukuyama
kuraim	unatra	Climb! Mount Parfait	unatra
kuzure	Takahito Eguchi	Houou Tenbu Mugen Kuzure	Takahito Eguchi
kykamb	Sakurazaka46/Speed Lottery	Ambivalent	Sakurazaka46/Speed Lottery
kykgrs	Sakurazaka46/Docomo Student Discounts	Glass o Ware!	Sakurazaka46/Docomo Student Discounts
kyksmj	Sakurazaka46/mechakari	Silent Majority	Sakurazaka46/mechakari
kyo9kn	cosMo VS dj TAKA「SOUND VOLTEX」より	Kyokuken	cosMo@bousouP ℣ dj TAKA/SOUND VOLTEX
kyorja	「獣電戦隊キョウリュウジャー」より	VAMOLA! Kyoryuger	Showgo Kamada/Zyuden Sentai Kyoryuger
kyunva	「アイドルマスター」より	Kyun! Vampire Girl	Tomoko Sasaki feat. 765PRO ALLSTARS/THE iDOLM@STER 2
kznhel	Kizuna AI	Hello, Morning	Kizuna AI
kzniii	Kizuna AI feat. Yasutaka Nakata	AIAIAI	Kizuna AI feat. Yasutaka Nakata
laputa	「天空の城ラピュタ」より	Kimi o Nosete	Azumi Inoue/Castle in the Sky
lassen	8.6秒バズーカー	Lassen Gorelai	8.6-second Bazooka
last2k	Linda AI-CUE feat. Shoko	Joubutsu 2000	Linda AI-CUE feat. Shoko
lets5o	「銀魂」より	LET’S GO OUT	AMOYAMO/Gintama’
lgmsek	Little Glee Monster/Coca-Cola	Sekai wa Anata ni Waraikakete Iru	Little Glee Monster/Coca-Cola
linda	The Blue Hearts	Linda Linda	The Blue Hearts
lion	「マクロスFrontier」より	Lion	Cheryl Nome feat. May’n/Macross Frontier
llang	μ's 映画「ラブライブ！The School Idol Movie」より	Angelic Angel	μ’s/Love Live! The School Idol Movie
llbkrh	μ's TVアニメ「ラブライブ！」より	Bokura wa Ima no Naka de	μ’s/Love Live! School idol project
llsnow	μ's 「ラブライブ！」より	Snow halation	μ’s/Love Live!
llsore	μ's TVアニメ「ラブライブ！」より	Sore wa Bokutachi no Kiseki	μ’s/Love Live! School idol project
lm7708	Taiji	λ7708	Taiji
lost1g	Neru	Lost One no Goukoku	Neru feat. Kagamine Rin
lov193	LV.4 & K Masera feat. Miyu	LOVE Ikusa‼	LV.4 & K Masera feat. Miyu
lovefo	Miliyah Kato × Shota Shimizu	Love Forever	Miliyah Kato × Shota Shimizu
lovfan	HONOKA	Koi Gensou	HONOKA
lovspc	DJ Genki feat.ななひら,yukacco,藍月なくる	Love♡Spice♡Like You‽	DJ Genki feat. Nanahira & yukacco
lovtom	「カルピスウォーター」CMソング	Love Song wa Tomaranai yo	Ikimono-gakari
lovwhi	PolyphonicBranch	LOVE × LOVE Whistle	PolyphonicBranch feat. Hatsune Miku & Kagamine Rin
lsbspd	Linda AI-CUE	Kita Saitama 200	Linda AI-CUE
lukfev	samfree feat.巡音ルカ	Luka Luka★Night Fever	samfree feat. Megurine Luka
lvsoup	Sakura Fujiwara	Soup	Sakura Fujiwara
m96ikz	ももいろクローバーZ	Ikuze! Kaitou Shoujo	Momoiro Clover Z
m96srb	ももいろクローバーZ	Saraba, Itoshiki Kanashimi Tachi yo	Momoiro Clover Z
m96tk	ももいろクローバーZ	Momoiro Taiko Dodon-ga Bushi	Momoiro Clover Z
ma2rid	Vincent	MATSURI D/A	Vincent
madmag	「魔法少女まどか☆」より	Connect	ClariS/Puella Magi Madoka☆Magica
magdrm	Tooru Kawaino	The Magician’s Dream	Tooru Kawaino
mahojn	Hisui	Mahoujin	Hisui
maidra	「小林さんちのメイドラゴン」OP主題歌	Aozora no Rhapsody	fhána/Kobayashi-san Chi no Maid Dragon
manpu2	DREAMS COME TRUE/「まんぷく」より	Anata to Tu-lat-tat-ta♪	DREAMS COME TRUE/Manpuku
mapp8b	マッピーメドレー × サカモト教授	Picopico Mappy	Professor Sakamoto/Mappy
march	リッジレーサー	Taiko March	Yuuji Masubuchi/Namco Games
mario2	Koji Kondo/Super Mario Bros.	Super Mario Bros. Medley	Koji Kondo/Super Mario Bros.
mario4	「スーパーマリオ オデッセイ」より	Jump Up, Super Star!	Naoto Kubo feat. Kate Davis/Super Mario Odyssey
maru9t	立秋 feat.ちょこ	Marukute Hayakute Susamajii Rhythm	Rissyuu feat. Choco
marumo	Kaoru to Tomoki, Tamani Mook./Marumo no Okite	Maru Maru Mori Mori!	Kaoru to Tomoki, Tamani Mook./Marumo no Okite
masakr	REDALiCE 「SOUND VOLTEX」より	Masakari Blade	REDALiCE/SOUND VOLTEX
mblood	「みずいろブラッド」より	Koi wa Mizuiro	Yuri Misumi feat. Crab Prince/Mizuiro Blood
mclinn	Linda AI-CUE	Kidaruma 2000	Linda AI-CUE
mcrd1d	「マクロスΔ」より	Ichido Dake no Koi Nara	Walküre/Macross Δ
mcrdbl	「マクロスΔ」より	Ikenai Borderline	Walküre/Macross Δ
mdeth	Yuuji Masubuchi	Mekadesu.	Yuuji Masubuchi
medjed	コバヤシユウヤ(IOSYS) feat.山本椛(monotone)	Hinaru Medjed no Hinaru Yuu’utsu	Yuuya Kobayashi (IOSYS) feat. Momiji Yamamoto (monotone)
medl2k	Linda AI-CUE	Shimedore 2000	Linda AI-CUE
mega10	Shinji Hosoe (Sampling Masters)	Dodon ga Do～n	Shinji Hosoe (Sampling Masters)
melt	原曲:supercell feat.初音ミク	Melt	ryo (supercell) feat. Hatsune Miku
memesi	ゴールデンボンバー	Memeshikute	Golden Bomber
metalh	Shinji Hosoe/Metal Hawk	Metal Hawk BGM1	Shinji Hosoe/Metal Hawk
metro	Ojima	Metal Police	Ojima
mggext	「ミュージックガンガン！2」より	Extreme MGG★★★	COSIO/Music GunGun! 2
mggrev	「ミュージックガンガン！2」より	Music Revolver	Tatsh a.k.a. Zeami/Music GunGun! 2
mgpafe	Maya	Magical Parfait	Maya
mgwrt4	～happy excursion～	Shunyuu ～happy excursion～	Chai Found Music Workshop
mhcafe	Mirai	Mahou no Kissaten	Mirai
mheart	Sariyajin	Marble Heart	Sariyajin
miki	「アイドルマスター」より	GO MY WAY‼	Satoru Kousaki feat. 765PRO ALLSTARS/THE iDOLM@STER
miku39	ika feat.初音ミク	Miku Miku ni Shite Ageru♪ [Shite Yan yo]	Ika feat. Hatsune Miku
mikuaa	ナユタン星人 feat.初音ミク	Alien Alien	NayutalieN feat. Hatsune Miku
mikuar	かいりきベア feat.初音ミク 「戦闘摂理解析システム#コンパス」より	Alkali Rettousei	Kairiki Bear feat. Hatsune Miku/#C.O.M.P.A.S.S.
mikucp	OSTER project feat.初音ミク 「戦闘摂理解析システム#コンパス」より	Cantabile × Passione	OSTER project feat. Hatsune Miku/#C.O.M.P.A.S.S.
mikudd	ナユタン星人 feat.初音ミク「戦闘摂理解析システム#コンパス」より	Dance Robot Dance	NayutalieN feat. Hatsune Miku/#C.O.M.P.A.S.S.
mikuer	cosMo@bousouP feat. Hatsune Miku	Hatsune Miku no Shoushitsu	cosMo@bousouP feat. Hatsune Miku
mikugr	DECO*27 feat.初音ミク	Ghost Rule	DECO*27 feat. Hatsune Miku
mikugv	niki feat.初音ミク　　「戦闘摂理解析システム#コンパス」より	Grave	niki feat. Hatsune Miku/#C.O.M.P.A.S.S.
mikuh8	DECO*27	Hibana	DECO*27 feat. Hatsune Miku
mikuhn	40mP feat.初音ミク 「戦闘摂理解析システム#コンパス」より	High Spec NEET	40mP feat. Hatsune Miku/#C.O.M.P.A.S.S.
mikukg	じん	Kagerou Daze	Jin feat. IA & Hatsune Miku
mikuse	黒うさP feat.初音ミク	Senbonzakura	KurousaP feat. Hatsune Miku
mikutd	ナユタン星人 feat.初音ミク	Taiyoukei Disco	NayutalieN feat. Hatsune Miku
mikute	原曲:livetune feat.初音ミク	Tell Your World	livetune feat. Hatsune Miku
mikuvt	八王子P feat.初音ミク 「戦闘摂理解析システム#コンパス」より	Violence Trigger	HachiojiP feat. Hatsune Miku/#C.O.M.P.A.S.S.
mikuzs	Drop&葉月ゆら feat.初音ミク　　「戦闘摂理解析システム#コンパス」より	Zenmai Shoujo-dokei	Seifu Meigetsu feat. Hatsune Miku/#C.O.M.P.A.S.S.
minau	au「三太郎シリーズ」CMソング	Minna Ga Minna Eiyuu	AI/The Santaro Series
mintjm	日替り無料	Growing Up	MintJam feat. TERRA
mintte	ribbon room feat. cotoribbon	mint tears	ribbon room feat. cotoribbon
misena	GReeeeN/Strawberry Night	Misenai Namida wa, Kitto Itsuka	GReeeeN/Strawberry Night
mlov2k	「うたの☆プリンスさまっ♪ マジLOVE2000％」より	Maji LOVE2000%	ST☆RISH/Uta no☆Prince-sama♪ Maji LOVE2000%
mmkami	テヅカ feat.鏡音リン・鏡音レン	Moshi-moshi Kamisama	Tezuka feat. Kagamine Rin & Kagamine Len
mnkesk	au 三太郎サッカー応援 CMソング	Mita-koto mo Nai Keshiki	Masaki Suda/BLUE CHALLENGE： Support Edition
moana	「モアナと伝説の海」より	Doko Made Mo ～How Far I’ll Go～	Lin-Manuel Miranda feat. Tomona Yabiku/Moana
momoi	Haruko Momoi/Wonder Momo	Wonder Momoi	Haruko Momoi/Wonder Momo
monhn4	Marika Suzuki/Monster Hunter 4	Monster Hunter 4 Medley	Marika Suzuki/Monster Hunter 4
mope	LeaF	Mopemope	LeaF/BOFU2017
mottai	きゃりーぱみゅぱみゅ	Mottai Night Land	Kyary Pamyu Pamyu
mrgold	Aimyon	Marigold	Aimyon
mrprof	Professor-S feat. P-Co	Hey, Mister Professor	Professor-S feat. P-Co
mscl3	「マッスル行進曲」より	Make Inu Henjou	AJURIKA feat. Crab Prince/Muscle March
mscl5	「マッスル行進曲」より	Kinniku no You na Bokura ～Muscle Love Theme～	Yoshihito Yano feat. Crab Prince/Muscle March
msclht	コバヤシユウヤ(IOSYS) feat.山本椛 (monotone)	My Muscle Heart	Yuuya Kobayashi (IOSYS) feat. Momiji Yamamoto (monotone)
msmino	MOSHIMO	Inochi Mijikashi Koiseyo Otome	MOSHIMO
msspln	M.S.S Project feat.初音ミク・GUMI	M.S.S. Planet	M.S.S. Project feat. Hatsune Miku & GUMI
mugens	Silver Forest feat.SAYA	Mugen no Sora	Silver Forest feat. SAYA
mujihi	「GOD EATER BURST」より	Mujihi na Ou	Go Shiina/GOD EATER BURST
mulber	Mirai feat. Chata	Mulberry	Mirai feat. Chata
mymine	setzer (MintJam) feat. Tsukino Shion	My Mine	setzer (MintJam) feat. Tsukino Shion
mznemo	Yuuma Mizonokuchi feat. Ai Oosera	Cutie☆Demonic☆Majin Emo‼	Yuuma Mizonokuchi feat. Ai Oosera
nanori	「未来忍者」より	Nanaori	Norio Nakagata/Mirai Ninja
nao	Go Shiina feat. Maki Watanabe	Fuun! Bachio Sensei	Go Shiina feat. Maki Watanabe
naraku	「鉄拳 レボリューション」より	Abyss of hell	Shinji Hosoe/TEKKEN REVOLUTION
natsu	Whiteberry/Mysterious Story & ReLIFE	Natsu Matsuri	Whiteberry/Mysterious Story & ReLIFE
necolo	Yuri Misumi feat. Kekero Fuchizaki	NECOLOGY	Yuri Misumi feat. Kekero Fuchizaki
nee	Torine	Ne～e Oshiete	Torine
ngzsnc	Nogizaka46/Haru Ichiban ni Nare.	Synchronicity	Nogizaka46/Haru Ichiban ni Nare.
niji	Aqua Timez/Gokusen	Niji	Aqua Timez/Gokusen
niku2	YMY	Xastur no Madousho	YMY
ninjas	Kakeru Ishihama feat. Nemu Yumemi	Ninja wa Saikou	Kakeru Ishihama feat. Nemu Yumemi
ninjbb	きゃりーぱみゅぱみゅ	Ninja Re Bang Bang	Kyary Pamyu Pamyu
nmsurv	Setsuro Sakamoto	Nightmare Survivor	Setsuro Sakamoto
nobu7g	黒沢ダイスケ × Masahiro "Godspeed" Aoki	Dairokuten Maou	Daisuke Kurosawa × Masahiro “Godspeed” Aoki
nograv	Lyo	No Gravity	Lyo
noshou	れるりり	Noushou Sakuretsu Girl	rerulili feat. Hatsune Miku & GUMI
nrdn2k	Linda AI-CUE	Norudon 2000	Linda AI-CUE
ntmntm	☆しょーじ☆ feat.ほのか♡えりか	Netemo Netemo	☆Shoji☆ feat. Honoka♡Erika
nulite	9mm Parabellum Bullet	Atarashii Hikari	9mm Parabellum Bullet
numu10	Masako Oogami	Numujika ac.⒑	Masako Oogami
numu14	Masako Oogami	Arumujika ac⒕.0V	Masako Oogami
nya3	立秋 feat.ちょこ	Nyanyanya	Rissyuu feat. Choco
nycyok	NYC	Yoku Asobi Yoku Manabe	NYC
obakes	Kasuyakyo feat. Maki Mori	Obake no Oshigoto	Kasuyakyo feat. Maki Mori
odorik	Sakanaction	Yoru no Odoriko	Sakanaction
odoru	「ちびまる子ちゃん」より	Odoru Ponpokorin	B.B.Queens/Chibi Maruko-chan
ogm10t	Masako Oogami	3Q-4U-AC00	Masako Oogami
oka47	bermei.inazawa feat. Chie Fukamizu	Kurukuru Kurokkuru	bermei.inazawa feat. Chie Fukamizu
oneday	「ワンピース」より	One day	The ROOTLESS/ONE PIECE
onedri	「ダンボール戦機」より	1 Dream	Little Blue boX/Little Battlers Experience
onigir	よみぃ feat.初音ミク	Onigiri wa Doko Kashira♪	Yomii feat. Hatsune Miku
ordyne	「オーダイン」より	Oodain	Ordyne
orion	「TIGER & BUNNY」より	Orion o Nazoru	UNISON SQUARE GARDEN/TIGER & BUNNY
orochi	REDALiCE	8OROCHI	REDALiCE
osiri2	「NHKみんなのうた」より	Oshiri no Yama wa Everest	Oshiri Kajiri Mushi/Minna no Uta
osirit	「おしりたんてい」より	Puputto Fumutto Kaiketsu Dance	Daiki Ise/Butt Detective
otemo	Omodaka feat.パラダイス山元	Otemoyan	Omodaka feat. Paradise Yamamoto
otomus	KiWi	Otomushi o Tsukamaero!	KiWi
otoppe	Misaki Kuno/Ottope	Uki-uki Ottope	Misaki Kuno/Ottope
ourobo	Cranky VS MASAKI 「グルーヴコースター」より	ouroboros	Cranky ℣ MASAKI/GROOVE COASTER
ov969	NAOKI feat.un∞limited 「クロスビーツレヴ」より	Over Clock ～Kaihou～	NAOKI feat. un∞limited/crossbeats REV.
oyasik	Takafumi Sato feat. Mitsu	Meena no Oyashiki	Takafumi Sato feat. Mitsu
pacmce	PAC TOY-BOX	PAC TOY-BOX	Taku Inoue/PAC-MAN CHAMPIONSHIP EDITION 2
phoeni	Yoshinori Hirai feat. Singman	Phoenix	Yoshinori Hirai feat. Singman
phride	濱本理央(BNSI)	Phantom Rider	Rio Hamamoto
phuman	RADIO FISH	PERFECT HUMAN	RADIO FISH
pixelg	Snail’s House	Pixel Galaxy	Snail’s House
pk3rai	テレビアニメ「ポケットモンスター サン＆ムーン」より	Mirai Connection	ЯeaL/Pokémon the Series： Sun & Moon
pkalol	「ポケットモンスター サン＆ムーン」より	Alola‼	Tomohisa Sako/Pokémon the Series： Sun & Moon
pkgtbb	「ポケットモンスター XY」より	Getta Banban	Tomohisa Sako/Pokémon the Series： XY
pklets	Shota Kageyama/Pokémon Let’s Go! Pikachu & Let’s Go! Eevee	Pokémon Let’s Go! Pikachu & Let’s Go! Eevee Medley	Shota Kageyama/Pokémon Let’s Go! Pikachu & Let’s Go! Eevee
pkmmzs	「劇場版ポケットモンスター キミにきめた！」より	Mezase Pokémon Master	Rica Matsumoto/Pokémon the Series： Sun & Moon
pkmnmd	ジム戦メドレー	Pokémon Black 2 & White 2 Gym Medley	Go Ichinose/Pokémon Black 2 & White 2
pkmnsm	Marimo Laboratory/Pokémon Sun & Moon	Pokémon Sun & Moon Medley	Marimo Laboratory/Pokémon Sun & Moon
pkmnvo	「ポケットモンスター　XY」より	V	CHOKKAKU/Pokémon the Series： XY
pkmnyz	「ポケットモンスター ベストウィッシュ シーズン2」より	Yajirushi ni Natte!	Rica Matsumoto/Pokémon the Series： Black & White
pkoras	チャンピオンメドレー	Pokémon Omega Ruby & Alpha Sapphire Champion Medley	Shota Kageyama/Pokémon Omega Ruby & Alpha Sapphire
pkxyz	「ポケットモンスター XY & Z」より	XY&Z	Rica Matsumoto/Pokémon the Series： XYZ
poly	Perfume/Cars 2	Polyrhythm	Perfume/Cars 2
ponpon	きゃりーぱみゅぱみゅ	PON PON PON	Kyary Pamyu Pamyu
ponyo	Fujioka Fujimaki & Nozomi Oohashi/Ponyo	Gake no Ue no Ponyo	Fujioka Fujimaki & Nozomi Oohashi/Ponyo
poptep	TVアニメ「ポプテピピック」OPテーマ	POP TEAM EPIC	Sumire Uesaka/Pop Team Epic
postm	Mitchie M feat. ЯIRE	Electric Postman	Mitchie M feat. ЯIRE
poxeid	Kaneko Chiharu	poxei♢DOON	Kaneko Chiharu
ppap	ピコ太郎	Pen-Pineapple-Apple-Pen	Picotaro
pprose	Tatsh a.k.a. Zeami feat. Ayane	Purple Rose Fusion	Tatsh a.k.a. Zeami feat. Ayane
pr9ala	Yuki Komagata/KiraKira☆Pretty Cure A La Mode	SHINE‼ KiraKira☆Pretty Cure A La Mode	Yuki Komagata/KiraKira☆Pretty Cure A La Mode
pr9all	Mayumi Gojo/HUGtto! Pretty Cure♡Futari wa Pretty Cure： All Stars Memories	DANZEN! Futari wa Pretty Cure ～Yuiitsumuni no Hikaritachi～	Mayumi Gojo/HUGtto! Pretty Cure♡Futari wa Pretty Cure： All Stars Memories
pr9hug	「ワンピース」より	We Can!	Kishidan/ONE PIECE
pr9mah	Rie Kitagawa/Mahou Tsukai Pretty Cure!	Dokkin♢Mahou Tsukai Pretty Cure!	Rie Kitagawa/Mahou Tsukai Pretty Cure!
pr9str	Rie Kitagawa/Star☆Twinkle Pretty Cure	Kirari☄Star☆Twinkle Pretty Cure	Rie Kitagawa/Star☆Twinkle Pretty Cure
pridon	MOES feat.海保えりか	Princess of Donder	MOES feat. Kaiho Erika
pripar	「プリパラ」より	Dream Parade	i☆Ris/PriPara
prpri9	Karin Isobe/Go! Princess Pretty Cure	Miracle Go! Princess Pretty Cure	Karin Isobe/Go! Princess Pretty Cure
prprs	Her Ghost Friend	Purupuru Simple	Her Ghost Friend
psf1op	「太鼓の達人 セッションでドドンがドン！」テーマソング	Tsunagare! Hirogare! Uchiagare!	Toaki Usami feat. MANA
psplsb	Linda AI-CUE	Kita Saitama 2000	Linda AI-CUE
punish	9mm Parabellum Bullet	Punishment	9mm Parabellum Bullet
puzdr4	Kenjo Itoh/Puzzle & Dragons Z	Kessen‼	Kenjo Itoh/Puzzle & Dragons Z
puzdr6	「パズル＆ドラゴンズ」より	Holding Hands	Kenji Itoh/Puzzle & Dragons
puzdr7	「パズル＆ドラゴンズ」より	Unite the Force	Kenji Itoh/Puzzle & Dragons
puzdra	「パズル＆ドラゴンズ」より	Walking Through the Towers	Kenji Itoh/Puzzle & Dragons
puzdx1	「パズドラクロス」より	Battle	Kenji Itoh/Puzzle & Dragons X
quant	Mirai feat. Keiori Aihara	Omoi o Te ni Negai o Komete	Mirai feat. Keiori Aihara
r4op	「R4 -RIDGE RACER TYPE4-」より	URBAN FRAGMENTS	Kohta Takahashi feat. Kimara Lovelace/R4 -RIDGE RACER TYPE 4-
railgn	「とある科学の超電磁砲」より	only my railgun	fripSide/Toaru Kagaku no Railgun
rainmk	新日本プロレス オカダ・カズチカ入場テーマ	RAINMAKER	Yonosuke Kitamura -Kazuchika Okada’s Theme-
ramen	Yano Yoshihito feat. Fusshi	Ramen de Yo-Men‼	Yano Yoshihito feat. Fusshi
rdrose	Tatsh a.k.a. Zeami feat. Ayane	Red Rose Evangel	Tatsh a.k.a. Zeami feat. Ayane
retoko	DJKurara	Reitouko CJ ～Amen Taiko Brothers～	DJKurara feat. Linda AI-CUE
revive	Mirai feat. Chata	Reviver	Mirai feat. Chata
rezero	「Re:ゼロから始める異世界生活」より	Paradisus-Paradoxum	MYTH & ROID/Re：Zero -Kara Hajimeru Isekai Seikatsu-
rgod	Ayako Saso (Sampling Masters)	Lightning Passion	Ayako Saso (Sampling Masters)
ri	大和 × 黒沢ダイスケ	R.I.	Yamato × Daisuke Kurosawa
rinhis	a_hisa	Rin	a_hisa
rinren	starring 下田麻美	Wan-Nya World	Takafumi Sato feat. Kagamine Rin & Len & Shimoda Asami
rising	EXILE	Rising Sun	EXILE
rlnedy	feat.鏡音リン･鏡音レン	EDY	Takafumi Sato feat. Kagamine Rin & Kagamine Len
rlngig	ギガれをる feat.鏡音レン	Gigantic O.T.N.	RΞOL feat. Kagamine Len
rlnpls	RΞOL feat. Kagamine Len	+♂	RΞOL feat. Kagamine Len
rlnted	Neru feat.鏡音リン	Tokyo Teddy Bear	Neru feat. Kagamine Rin
roadmv	「映画クレヨンしんちゃん 襲来!! 宇宙人シリリ」主題歌	Road Movie	Yuu Takahashi/Crayon Shin-chan： Invasion‼ Alien Shiriri
robots	Seagal feat. Marie	Robot Rock ‘n’ Roll☆	Seagal feat. Marie
rock	Brian May	We Will Rock You	Brian May
rockmw	「ロックマン2 Dr.ワイリーの謎」より	Dr. WILY STAGE 1	Takashi Tateishi/Megaman 2
rocknh	「たまごっち！ゆめキラドリーム」より	Rocking Heart!	Kira Kira Girls/Tamagotchi! Yume Kira Dream
roki	みきとP feat.鏡音リン	Roki	MikitoP feat. Kagamine Rin
rot	Linda AI-CUE	Saitama 2000	Linda AI-CUE
rot3	Linda AI-CUE	Mata Saitama 2000	Linda AI-CUE
rot4	Linda AI-CUE	Mada Saitama 2000	Linda AI-CUE
rot42	Linda AI-CUE	Mada Saitama 2000	Linda AI-CUE
rotspd	Linda AI-CUE	Haya Saitama 2000	Linda AI-CUE
rr1	Shinji Hosoe (Sampling Masters)/RIDGE RACER	Ridge Racer	Shinji Hosoe (Sampling Masters)/RIDGE RACER
rr1fz	COSIO(ZUNTATA/TAITO)	Opa! Opa! RACER	Shinji Hosoe (Sampling Masters)/Fantasy Zone & RIDGE RACER
rr1wlz	Yuji Masubuchi(BNSI)「RIDGE RACER」	RIDGE RACER STEPS	Shinji Hosoe (Sampling Masters)/RIDGE RACER
rr3dan	「リッジレーサー3D」より	Angel Halo	Rio Hamamoto/RIDGE RACER 3D
rr3dve	「リッジレーサー3D」より	Venomous	Rio Hamamoto/RIDGE RACER 3D
rr42	レイブレーサー	BLUE TOPAZ	Takayuki Aihara/RAVE RACER
rrs2kk	「RIDGE RACERS 2」より	Kamikaze Remix	Ayako Saso (Sampling Masters)/RIDGE RACER 2
rrsam	「RIDGE RACER V」より	SAMURAI ROCKET	Kohta Takahashi/RIDGE RACER Ⅴ
rrself	Hiroshi Okubo & Joe Kiyoshi/RAGE RACER	RAGE ℣ self	Hiroshi Okubo & Joe Kiyoshi/RAGE RACER
rt2wit	「ローリングサンダー2」より	Where is the Target?	Ayako Saso (Sampling Masters)/Rolling Thunder 2
rudolf	back number 映画「ルドルフとイッパイアッテナ」主題歌	Kuroi Neko no Uta	back number/Rudolph and Ippai Attena
ryogen	Tatsh a.k.a. Zeami	Ryougen no Mai	Tatsh a.k.a. Zeami
ryowh	Ryo Watanabe feat. Ayano Yasuda	Kimi no Akari	Ryo Watanabe feat. Ayano Yasuda
ryukis	Ryuwitty	Kaze no Kuni no Ryuu to Kishi	Ryuwitty
ryusei	Sandaime J SOUL BROTHERS (EXILE TRIBE)/TCK 2014	R.Y.U.S.E.I.	Sandaime J SOUL BROTHERS (EXILE TRIBE)/TCK 2014
ryusoj	Tomohiro Hatano/Kishiryu Sentai Ryusoulger	Kishiryu Sentai Ryusoulger	Tomohiro Hatano/Kishiryu Sentai Ryusoulger
saibou	Hataraku Saibou/Cells At Work	Mission! Ken・Kou・Dai・Ichi	Hataraku Saibou/Cells At Work
sanpo	「となりのトトロ」より	Sanpo	Azumi Inoue/My Neighbor Totoro
santa	期間限定のため、総合成績パネルに反映されません	Jingle Bells No. 765	Yuuji Masubuchi
saoali	「ソードアート・オンライン アリシゼーション」より	ADAMAS	LiSA/Sword Art Online Alicization
saoggo	「ソードアート・オンライン オルタナティブ ガンゲイル・オンライン」より	Ryuusei	Eir Aoi/Sword Art Online Alternative： Gun Gale Online
saoop	「ソードアート・オンライン」より	crossing field	LiSA/Sword Art Online
sei10r	steμ feat.siroa	Seiten no Reimei	steμ feat. siroa
seiya	「聖闘士星矢」より	Pegasus Fantasy	MAKE-UP/Saint Seiya
senpac	Tatsh a.k.a. Zeami feat. Ayane	Senpuu no Mai [Heaven]	Tatsh a.k.a. Zeami feat. Ayane
senpcs	Tatsh a.k.a. Zeami feat. Ayane	Senpuu no Mai [Earth]	Tatsh a.k.a. Zeami feat. Ayane
sentoc	「千と千尋の神隠し」より	Itsumo Nando Demo	Youmi Kimura/Spirited Away
shabra	〜阿羅仁＆マジカルランプ姫〜	Shining☆Abracadabra ～Alajin & Magical Lamp Princess～	Seifu Meigetsu [Drop × Yura Hatsuki]
shgclr	しょご/野村渉悟	Colorful	Shougo Nomura
shikou	世阿弥	Shikou no Ran	Tatsh a.k.a. Zeami
shine	「アイドルマスター シンデレラガールズ」より	Shine	Yoshihiko Nishio feat. Leo Ieri/Kaeru no ôjosama
shingk	「進撃の巨人」より	Guren no Yumiya	Linked Horizon/Attack on Titan
shinyk	t+pazolite	Shiny Kung-fu Revival	t+pazolite
shline	「アイカツ！」より	SHINING LINE*	Kakeru Ishihama feat. STAR☆ANIS/Aikatsu!
shohos	Bana Inoue feat. M	Koi no Shohousen	Bana Inoue feat. M
shoto9	コバヤシユウヤ(IOSYS) feat.miko	Shoutoku Taiko no “Hi Izuru Made Asuka”	Yuuya Kobayashi (IOSYS) feat. miko
shugkt	うちやえゆか	Shugaku Travelers	Shock Tarou feat. Yuka Uchiyae
shushu	AKB48	Ponytail to Shushu	AKB48
sidos	SID/Sadako 3D	S	SID/Sadako 3D
sidrai	「鋼の錬金術師 FULLMETAL ALCHEMIST」OP曲	Rain	SID/Fullmetal Alchemist： Brotherhood
siduso	「鋼の錬金術師FULLMETAL ALCHEMIST」より	Uso	SID/Fullmetal Alchemist： Brotherhood
sidvip	「マギ」より	V.I.P.	SID/Magi： The Labyrinth of Magic
sinrab	削除	Shinra Banshou	Sakuzyo
siuryu	Azu♪	Dragon of Autumn ～Shiuryu～	Azu♪
sk7kun	さかなクン	Osakana Mainichi! Sakana-kun	Sakana-kun
ska	太鼓の達人オリジナル曲	Go Go Kitchen	Yuri Misumi
skoant	SEKAI NO OWARI	ANTI-HERO	SEKAI NO OWARI
skodrg	SEKAI NO OWARI	Dragon Night	SEKAI NO OWARI
skorpg	「映画クレヨンしんちゃん バカうまっ！B級グルメサバイバル」より	RPG	SEKAI NO OWARI/Crayon Shin-chan
skrexh	Rio Hamamoto	SAKURA EXHAUST	Rio Hamamoto
skrnb	Ai Otsuka/COUNT DOWN TV	Sakuranbo	Ai Otsuka/COUNT DOWN TV
slance	MASAKI(ZUNTATA)「グルーヴコースター」より	Scarlet Lance	MASAKI (ZUNTATA)/GROOVE COASTER
slash	Linda AI-CUE	Koibumi 2000	Linda AI-CUE
smokyt	「アイドルマスター」より	SMOKY THRILL	Yuri Misuri feat. Iori Minase/THE iDOLM@STER 2
snyq	かねこちはる feat.はぁち	Shounin YokkQ	Kaneko Chiharu feat. Haxchi
so2om2	feat.unmo	Sotsu Omeshiki 2-ban	Kawagen Collagen feat. unmo
so2ome	feat.unmo	Sotsu Omeshiki	Kawagen Collagen feat. unmo
soba	JUDY AND MARY	Sobakasu	JUDY AND MARY
soiya	Issei Fuseki SEPIA	Zenryaku, Michi no Ue Yori	Issei Fuseki SEPIA
sora1x	Satoshi Ishikawa	SORA-I Earthrise	Satoshi Ishikawa
sora2x	Ryuuichi Takada	SORA-II Gliese 581	Ryuuichi Takada
sora6x	Hisui	SORA-VI Hinotori	Hisui
sora7x	Hisui	SORA-VII Cygnus Wall	Hisui
soroba	Linda AI-CUE	Soroban 2000	Linda AI-CUE
souryu	世阿弥	Souryuu no Ran	Tatsh a.k.a. Zeami
spcsam	taichi hiyama	Uchuu SAMURAI	taichi hiyama
spdoto	xi	Shippuudotou	xi
spl2md	Toru Minegishi/Splatoon 2	Splatoon 2 Medley	Toru Minegishi/Splatoon 2
splsio	「スプラトゥーン」より	Calamari Inkantation	Squid Sisters/Splatoon
sqr2	Junichi Nakatsuru	junction	Junichi Nakatsuru
sss	blue marble	super star shooter	blue marble
stabof	with たま☆たい feat.団地ノ宮	Gasshou Stabofe!	Masako Ogami feat. Danchinomiya & Tama☆tai
starrr	M-O-T-U feat.初音ミク	SstTAarR*	M-O-T-U feat. Hatsune Miku
staytn	Suchmos	STAY TUNE	Suchmos
stg0	みそみぃる	STAGE 0.ac⒒	Yuuji Masubuchi
stline	「アイカツスターズ！」より	Start Line!	AIKATSU☆STARS!/Aikatsu Stars!
stmic8	Yuuji Masubuchi feat. Mika Sato	Canadea	Yuuji Masubuchi feat. Mika Sato
stru8b	Professor Sakamoto -Sacred Ruin Rendition-	Picopico Ruin	Professor Sakamoto -Sacred Ruin Rendition-
struck	t+pazolite	Hoshikuzu Struck	t+pazolite
suha2k	Linda AI-CUE	Suuhaa 2000	Linda AI-CUE
sukatb	「痛快TVスカッとジャパン」より	Sukatto Baachan no Uta	HYADAIN/Tsukai TV Skat Japan
susano	Tatsh a.k.a 世阿弥	Susanoo	Tatsh a.k.a Zeami
sw1op	「太鼓の達人 Nintendo Switch ば〜じょん！」テーマソング	Furi-furi♪ Nori-nori♪	Toaki Usami feat. MANA
sweep1	Shinji Hosoe (Sampling Masters MEGA)	Rotter Tarmination	Shinji Hosoe (Sampling Masters MEGA)
sweep2	Ayako Saso (Sampling Masters)	Rumble Ranbu	Ayako Saso (Sampling Masters)
sycano	「シンクロニカ」より	Canon	Takeshi Nakatsuka/Synchronica
syclsn	「シンクロニカ」より	New World	LAGITAGIDA/Synchronica
sysurf	t+pazolite 「シンクロニカ」より	Surf Zapping	t+pazolite/Synchronica
sysync	「シンクロニカ」より	Synchronicity	Taku Inoue/Synchronica
syyoak	「シンクロニカ」より	Yoake Made Ato 3-byou	Taku Inoue/Synchronica
ta5ta5	AJURIKA	Turquoise Tachometer	AJURIKA
taberu	Linda AI-CUE	Taberuna 2000	Linda AI-CUE
tabetm	☆しょーじ☆ feat.ほのか♡えりか	Tabetemo Tabetemo	☆Shoji☆ feat. Honoka♡Erika
tadkim	ヨルシカ	Tada Kimi ni Hare	Yorushika
takamg	D.watt(IOSYS) feat. Np 犬田彦 ＆ 山本椛	Shiritsu Takama-ga-hara Gakuen Koukou Kouka	D.watt (IOSYS) feat. Np Hiko Inuta & Hakase
tamlb1	MURATATAM & Ladybeard	Super D&D ～Kanzen ni Lead Shite I-my-me～	MURATATAM & Ladybeard
tamlb2	むらたたむ＆レディビアード	D-Zettai! SAMURAI in the Rain	MURATATAM & Ladybeard
tank	Rarecho/Yawaraka Sensha	Yawaraka Sensha	Rarecho/Yawaraka Sensha
tbnito	はるなば feat.石黒千尋	Tabaneito	Harunaba feat. Chihiro Ishiguro
tdcafe	ねこじゃが*	Tsundere Café e Youkoso☆	Nekojaga* feat. Haxchi
tdm	steμ feat.siroa	Taiko Drum Monster	steμ feat. siroa
tek3ds	「鉄拳3D プライムエディション」より	Wasabi Body Blow	Takahiro Eguchi/TEKKEN 3D： Prime Edition
tek7fr	「鉄拳7 FR」より	Abandoned Temple Final Second	Rio Hamamoto/TEKKEN 7 FATED RETRIBUTION
tek7he	「鉄拳7」より	Heat Haze Shadow 2	AJURIKA/TEKKEN 7 FATED RETRIBUTION
teken6	AJURIKA/TEKKEN 6 BLOODLINE REBELLION	KARMA	AJURIKA/TEKKEN 6 BLOODLINE REBELLION
tekwiu	「鉄拳タッグトーナメント2 Wii U EDITION」より	Highschool love!	Go Shiina feat. Nami Nakagawa/TEKKEN TAG TOURNAMENT 2
teleca	凛として時雨	Telecastic fake show	Ling Tosite Sigure
ten9nr	Capchii	Tenkyuu no Ritsu	Capchii
tengu	Hisui & Yuuji Masubuchi	Tengu-bayashi	Hisui & Yuuji Masubuchi
tenyou	Tatsh a.k.a. Zeami feat. Asami Imai	Tenyou no Mai	Tatsh a.k.a. Zeami feat. Asami Imai
th1682	東方Projectアレンジ 幽閉サテライト	Iro wa Nioedo Chirinuru o	Iceon (Yuuhei Satellite) feat. senya/Touhou Project
th2ksh	東方Projectアレンジ 暁Records	Futari no Kessho	Akatsuki Records/Touhou Project
th7171	beatMARIO (COOL&CREATE)/Touhou Project	Night of Knights	beatMARIO (COOL&CREATE)/Touhou Project
thakeb	東方Projectアレンジ 岸田教団 & THE明星ロケッツ	Akeboshi Rocket	Kishida Kyoudan & The Akeboshi Rockets/Touhou Project
thbad	Alstroemeria Records feat. nomico/Touhou Project	Bad Apple‼	Alstroemeria Records feat. nomico/Touhou Project
thchi2	IOSYS & Happy ⑨Hth Anniversary Friends/Touhou Project	Cirno’s Perfect Math Class	IOSYS & Happy ⑨Hth Anniversary Friends/Touhou Project
thchi3	東方Projectアレンジ コバヤシユウヤ(IOSYS) feat.miko	Ganso! Genius Cirno-chan☆	Yuuya Kobayashi (IOSYS) feat. miko/Touhou Project
thchil	東方Projectアレンジ ARM＋夕野ヨシミ(IOSYS) feat.miko	Cirno’s Perfect Math Class	IOSYS [ARM & Yuuno Yoshimi] feat. miko/Touhou Project
thclmt	東方Projectアレンジ LeaF	Calamity Fortune	LeaF/Touhou Onsen Yuugi 5
theme2	Yuri Misumi feat. Fushigi Yamada	Taiko Love!	Yuri Misumi feat. Fushigi Yamada
therin	東方Projectアレンジ ビートまりお×Cranky	Help me, ERINNNNNN‼	beatMARIO × Cranky/Touhou Project
thflnd	東方Projectアレンジ ビートまりお	Last Brutal Sister Flandre S	beatMARIO (COOL&CREATE)/Touhou Project
thgrip	SHU × GUCCI feat. Nana Takahashi/Touhou Project	Grip & Break Down‼	SHU × GUCCI feat. Nana Takahashi/Touhou Project
thgsat	東方Projectアレンジ 豚乙女	Gensou no Satellite	Butaotome/Touhou Project
thkero	NYO (Silver Forest) feat. Meramipop/Touhou Project	Kero⑨Destiny	NYO (Silver Forest) feat. Meramipop/Touhou Project
thmhrb	東方Projectアレンジ 幽閉サテライト	Utakata, Ai no Mahoroba	Yuuhei Satellite/Touhou Project
thmrs	東方Projectアレンジ ARM＋夕野ヨシミ(IOSYS) feat.藤咲かりん	Marisa Stole the Precious Thing	IOSYS [ARM & Yuuno Yoshimi] feat. Karin Fujisaki/Touhou Project
thmura	東方Projectアレンジ 幽閉サテライト	Tsuki ni Murakumo Hana ni Kaze	Iceon (Yuuhei Satellite) feat. senya/Touhou Project
thncrd	Demetori/Touhou Project	Necrofantasia ～Demetori Arrange～	Demetori/Touhou Project
thnegp	Diao ye zong/Touhou Project	NeGa/PoSi*Love/Call	Diao ye zong/Touhou Project
thnkyo	東方Project×NAMCO SOUNDS kyo feat.あさな(IOSYS)	Kokihi no Shinzou	kyo feat. Asana (IOSYS)/Touhou Project
thnlnd	東方Project×NAMCO SOUNDS LindaAI-CUE	Eikyoku/Gyouan	Linda AI-CUE feat. Aru☆Majiro/Touhou Project
thnnak	東方Project×NAMCO SOUNDS 中鶴潤一	Ladystar Wandering	Junichi Nakatsuru/Touhou Project
thnryo	東方Project×NAMCO SOUNDS 渡辺量	Raiko Taiko Disco	Ryo Watanabe/Touhou Project
thntak	東方Project×NAMCO SOUNDS Taku Inoue 「シンクロニカ」より	Sakura Secret	Taku Inoue/Touhou Project & Synchronica
thscre	東方Projectアレンジ A-One	Scream out!	A-One/Touhou Project
thseek	東方Projectアレンジ A-One	Endless Seeker	A-One/Touhou Project
thwarn	東方Projectアレンジ 暁Records	WARNING × WARNING × WARNING	Akatsuki Records feat. Stack/Touhou Project
thzesh	Reitaisai Collab Unit/Touhou Project	Senshaku Zesshou no Fantasia	Reitaisai Collab Unit/Touhou Project
timtrv	伊東歌詞太郎	Time Traveler	Kashitarou Itou
tkroll	steμ feat.siroa	Taiko Roll	steμ feat. siroa
tksoda	ヒゲドライVAN	Tokyo Soda -8-bit Edit-	Hige DriVAN
tktime	Nobuyoshi Sano	Taiko Time	Nobuyoshi Sano
tok9ja	Go Sakabe feat. Daiki Ise/Ressha Sentai ToQger	Ressha Sentai ToQger	Go Sakabe feat. Daiki Ise/Ressha Sentai ToQger
tokkyo	MOES feat. Kaiho Erika	Tokyo Tokkyo-kyo Kyokakyoku Kyokuchou‼	MOES feat. Kaiho Erika
toori4	テヅカ	Tooriyo	Tezuka feat. Kagamine Rin & Kagamine Len
tor	Yuuji Masubuchi	Nesin Amatias	Yuuji Masubuchi
toreve	テイルズ オブ ザ ワールド レーヴ ユナイティア	Hikaru Yami	Go Shiina feat. Nami Nakagawa/Tales of the World： Reve Unitia
toriko	Akira Kushida/Toriko	Guts Guts‼	Akira Kushida/Toriko
totoro	Azumi Inoue/My Neighbor Totoro	Tonari no Totoro	Azumi Inoue/My Neighbor Totoro
touch	Yoshimi Iwasaki/Touch	Touch	Yoshimi Iwasaki/Touch
tougen	「銀魂」より	Tougenkyou Alien	serial TV drama/Gintama’
toukem	刀剣男士 team三条 with加州清光	Touken Ranbu	Touken Danshi： Team Sanjou & Kashuu Kiyomitsu
touken	「刀剣乱舞-花丸-」より	Hanamaru◎Biyori!	Mitsuhiro Ichiki/Touken Ranbu -Hanamaru-
toymat	DJ Genki	Toymatic☆Parade‼	DJ Genki
train	The Blue Hearts	TRAIN-TRAIN	The Blue Hearts
trance	Keiichi Okabe feat. Youko Takamitsu	Angel Dream	Keiichi Okabe feat. Youko Takamitsu
troika	Koji Nakagawa/Korobeiniki & Kalinka & Troika	Russian Folk Medley	Koji Nakagawa/Korobeiniki & Kalinka & Troika
trustg	feat.SaChi(harineko)	Trust Game	Masayuki Hasuo feat. SaChi a.k.a. Harineko
ttk3	とっとこハム太郎はむはむぱらだいちゅ！	Hamtaro Tottokou Uta	Ham-chanzu/Hamtaro Tottokou
tttank	Linda AI-CUE feat. Norion5/TANK! TANK! TANK!	Tatakae! T3 Boueitai ～GDI Mix～	Linda AI-CUE feat. Norion5/TANK! TANK! TANK!
tttt	Retropolitaliens	Toon Town’s Toys’ Tune	Retropolitaliens feat. Dadako
tuku43	Tatsh a.k.a 世阿弥	Tsukuyomi	Tatsh a.k.a. Zeami
twccp	TWICE	Candy Pop	TWICE
u3gino	K Masera feat. Mai Masuda	Usagi no Shippo	K Masera feat. Mai Masuda
uchubk	しょご/野村渉悟	Uchuu-hikoushi Boukentan	Shougo Nomura
ufoswn	シバガキ feat. A.Dokuga	UFO Swingin’	Shibagaki feat. A. Dokuga
uhear2	坂本英三×高濱祐輔	UNDEAD HEART	Eizo Sakamoto × Yusuke Takahama
uheart	坂本英三×高濱祐輔	UNDEAD HEART	Eizo Sakamoto × Yusuke Takahama
ujopop	Mirai feat. Chata	Yuujou Pop	Mirai feat. Chata
ultged	『ウルトラマンジード』より	GEED no Akashi	Tatsuomi Hamada & Voyager/Ultraman Geed
ultgng	Voyager/Ultraman Ginga	Ultraman Ginga no Uta	Voyager/Ultraman Ginga
ultorb	「ウルトラマンオーブ」より	Orb no Inori	Ichiro Mizuki feat. Voyager/Ultraman Orb
ultx	Voyager feat. Kensuke Takahashi/Ultraman X	Ultraman X	Voyager feat. Kensuke Takahashi/Ultraman X
umaru	Aimi Tanaka/Himouto! Umaru-chan	Kakushinteki☆Metamaruphose!	Aimi Tanaka/Himouto! Umaru-chan
umaru2	「干物妹！うまるちゃんR」より	Nimensei☆Ura-omote Life!	Aimi Tanaka/Himouto! Umaru-Chan R
umauma	caramelldansen	Caramelldansen (°∀°)	Caramell
uminok	au「三太郎シリーズ」CMソング	Umi no Koe	Masaru Shimabukuro feat. Kenta Kiritani
umjoin	UUUMコラボユニット	JOIN US	UUUM Collaboration Unit
umniji	Aqua Timez/Gokusen	Niji	Aqua Timez/Gokusen
umtube	HIKAKIN & SEIKIN	YouTube Theme Song	HIKAKIN & SEIKIN
umzaso	HIKAKIN & SEIKIN	Zassou	HIKAKIN & SEIKIN
urotan	シンP	Hikyou Sentai Urotander	ShinP feat. KAITO & Hatsune Miku
usa	DA PUMP	U.S.A.	DA PUMP
usouso	Bana Inoue	Uso-uso Doki	Bana Inoue
valvra	T.M.Revolution×水樹奈々「革命機ヴァルヴレイヴ」より	Preserved Roses	T.M.Revolution × Nana Mizuki/Valvrave the Liberator
vertex	Hiro 「maimai でらっくす」より	VERTeX	Hiro (SEGA)/maimai
vfpetr	バルーン feat.flower	Ame to Petra	Balloon feat. flower
vfshrr	バルーン feat.flower	Charles	Balloon feat. flower
vrock	Keiichi Okabe feat. Tomokazu Sano	Yuugao no Kimi	Keiichi Okabe feat. Tomokazu Sano
vt1b1x	Torine	Zetsubo e no Toccata	Torine
vt1b2x	Linda AI-CUE	≠MM	Linda AI-CUE
vt1op	「太鼓の達人 Vバージョン」テーマソング	Kibou e no Melody	Yoshihito Yano feat. Ari Ozawa
w2bs2x	Yoshihito Yano feat. Takayoshi Tanimoto	Hikari no Kanata e	Yoshihito Yano feat. Takayoshi Tanimoto
w2mtom	WANIMA	Tomoni	WANIMA/8×4 Body Fresh
w2myat	au「三太郎シリーズ」CMソング	Yattemiyou	WANIMA/The Santaro Series
w3at1x	第42楽章「悲愴」	Theremin Rhapsody	Torine -42nd Movement “Pathetique” Rendition-
w3at22	Masako Oogami & Yuuji Masubuchi	Oresama Pirates	Masako Oogami & Yuuji Masubuchi
wangan	「湾岸ミッドナイト マキシマムチューン」より	Lightning Dance	Yuzo Koshiro/Wangan Midnight Maximum Tune
warya	未来古代楽団 feat.霜月はるか	Sayonara Varya	Mirai Kodai Gakudan feat. Haruka Shimotsuki
wecan	「ワンピース」より	We Can!	Kishidan/ONE PIECE
wedh	wowaka feat.初音ミク、巡音ルカ	World’s End Dancehall	wowaka feat. Hatsune Miku & Megurine Luka
wego	「ワンピース」より	We Go!	Hiroshi Kitadani/ONE PIECE
wgbhfm	和楽器バンド	Hana Furumai	Wagakki Band
whibox	Ujico*	What’s in the Box?	Ujico*
whrose	Tatsh a.k.a. Zeami feat. Kyou (Insanity)	White Rose Insanity	Tatsh a.k.a. Zeami feat. Kyou (Insanity)
wizard	「仮面ライダーウィザード」より	Life is SHOWTIME	tatsuo feat. Kiryuin Sho/Kamen Rider Wizard
wland	「銀魂」より	Wonderland	FLiP/Gintama’
worldi	原曲：supercell feat.初音ミク	World is Mine	ryo (supercell) feat. Hatsune Miku
xan	Tatsh	Xa	Tatsh a.k.a. Zeami
xday2k	Linda AI-CUE	X-DAY 2000	Linda AI-CUE
xevel	Tatsh 「CHUNITHM」より	Xevel	Tatsh a.k.a. Zeami/CHUNITHM
xjapa2	X JAPAN	Silent Jealousy	X JAPAN
xjapan	X JAPAN	Kurenai	X JAPAN
yamata	コバヤシユウヤ(IOSYS) feat.ちよこ	Yamatai★Night Party	Yuuya Kobayashi (IOSYS) feat. Chiyoko
yayoi	Hisui feat. Yura Hatsuki	Houjou Yayoi	Hisui feat. Yura Hatsuki
ybtwed	ヤバイTシャツ屋さん	Happy Wedding-mae Song	Yabai T-Shirts Yasan
ycoast	U-ske feat. かずらなつ	Youthful Coaster	U-ske feat. Natsu Kazura
yes	Acid Black Cherry/Sukkiri‼	Yes	Acid Black Cherry/Sukkiri‼
yeswea	Sandaime J SOUL BROTHERS (EXILE TRIBE)	Yes we are	Sandaime J SOUL BROTHERS (EXILE TRIBE)
ygnarr	黒沢ダイスケ 原曲「幽玄ノ乱/世阿弥(Tatsh)」	Infinite Rebellion	Daisuke Kurosawa -Yuugen no Ran Rendition-
ymck2	by YMCK	Danba Danba Din Dan	YMCK
ymtgen	OMOCHI feat. Yuzuri	Yume to Genjitsu no Kyoukaisen	OMOCHI feat. Yuzuri
ymyrp2	YMY	Lisdoonvarna no Tasogare	YMY
ymyrp4	山本由貴子	Boukyaku no Tirnanog	YMY & Hawk
ymyrpg	YMY	Dun Aonghasa no Fuefuki	YMY
ynlose	米津玄師	LOSER	Kenshi Yonezu
ynzlmn	米津玄師	Lemon	Kenshi Yonezu
ynzums	米津玄師 ／ TBS系 日曜劇場「ノーサイド・ゲーム」主題歌	Uma to Shika	Kenshi Yonezu/No Side Game
yoidon	feat. Kiddish	Yo～i-don!	Rikuna Yono feat. Kiddish & marino
yokait	「妖怪ウォッチ」より	Yo-kai Taisou Dai Ichi	Dream5/Yo-kai Watch
yokud	Linda AI-CUE	Yokuderu 2000	Linda AI-CUE
yokud2	※4月1日限定　とても短い曲です(20秒)	Yokuderu 15300	Linda AI-CUE
ys2op	「イースⅠ & Ⅱクロニクルズ」より	TO MAKE THE END OF BATTLE	Yuzo Koshiro/Ys Ⅰ & Ⅱ Chronicles
yugao2	Hidekazu Tanaka feat. BKO	Chiriyuku Ran no Tsuzura Uta	Hidekazu Tanaka feat. BKO
yugen	世阿弥	Yuugen no Ran	Tatsh a.k.a. Zeami
yuuki	「忍たま乱太郎」より	Yuuki 100%	Ya-Ya-yah/Nintama Rantaro
yw2mdl	BGMメドレー	Yo-kai Watch 2 Ganso & Honke & Shin’uchi Medley	Kenichiro Saigo feat. Aya Endou/Yo-kai Watch 2
ywdddz	「妖怪ウォッチ」より	Dun Dun Doobie Zubah!	Dream5 & Motsu/Yo-kai Watch
ywhggp	「妖怪ウォッチ」より	Hatsukoitouge de Geragerapo	King Cream Soda/Yo-kai Watch
ywjdrm	「妖怪ウォッチ」より	Jinsei Dramatic	King Cream Soda/Yo-kai Watch
ywkkh	「妖怪ウォッチ！」より	Kerakeraho no Uta	Hiroki Maekawa/Yo-kai Watch
ywmggp	「妖怪ウォッチ」より	Matsuribayashi de Geragerapo	King Cream Soda/Yo-kai Watch
ywtoki	「妖怪ウォッチ シャドウサイド」より	Toki o Matou	HardBirds/Yo-kai Watch Shadowside
ywyugr	「妖怪ウォッチ」より	You Got a Otomodachi	King Cream Soda/Yo-kai Watch
yzmsct	「クレヨンしんちゃん」より	Muscat	Yuzu/Crayon Shin-chan
zaba	Hiroto Sasaki & Junko Ozawa feat. Miki Tsuchiya	Mirai e no Kagi	Hiroto Sasaki & Junko Ozawa feat. Miki Tsuchiya
zeldsw	Manaka Kataoka/The Legend of Zelda Breath of the Wild	The Legend of Zelda Breath of the Wild Medley	Manaka Kataoka/The Legend of Zelda Breath of the Wild
zense	映画「君の名は。」より	Zen Zen Zense	RADWIMPS/Your Name.
zerono	Kyo feat. Sariyajin	Zero no Nocturne	Kyo feat. Sariyajin
zerora	Kyo feat. Sariyajin	Zero no Rhapsody	Kyo feat. Sariyajin
zolbdl	ZOLA PROJECT	BORDERLESS	ZOLA PROJECT feat. KYO & YUU & WIL
zolext	銀河方面P feat. ZOLA PROJECT	Eccentric w	gingahoumenP@Takashi Jinno feat. ZOLA PROJECT
zootop	「ズートピア」より	Try Everything	Dream Ami/Zootopia
zutzut	「ジュエルペット きら☆デコッ！」主題歌	Zutto Zutto Tomodachi	Mana Ashida/Jewelpet Kira☆Deco!
